;a,,,,,,,,,,,,,,,,,,,,,,,,,,,,,,,,,,,,,,,,,,,,,
;ID,Name,recourcename,ClassName,Category,InGameID,UseType,Team,Level,ExpPointModCategory,ExpModPriority,ExpModMin,ExpModMax,PCBangExpModMin,PCBangExpModMax,PointModPriority,PointModMin,PointModMax,PCBangPointModMin,PCBangPointModMax,InventoryType,Damage,HitRate,Reaction,FiringSpeed,Weight,SkinBase,Period,BuyerType,ItemBoxName,TeamBonusExpOther,TeamBonusExpSelf,TeamBonusPointOther,TeamBonusPointSelf,rewardID,InGameItem,mdl,skin,DisReward1,DisReward2,DisReward3,EnhWeapon,ZombieSkin,TradeNum,TradeDay,CanExtend
1,.40 Dual Elites,Elites,Equipment,1,10,1,1,0,0,0,0,0,0,0,0,0,0,0,0,1,31,63,70,86,85,,1,,,0,0,0,0,0,1,,,240,9101,0,0,0,0,0,676
2,228 Compact,p228,Equipment,1,1,1,0,0,0,0,0,0,0,0,0,0,0,0,0,1,28,50,70,86,85,,1,,,0,0,0,0,0,1,,,240,9101,0,0,0,0,0,676
3,9X19mm Sidearm,Glock18,Equipment,1,17,1,0,0,0,0,0,0,0,0,0,0,0,0,0,1,22,67,100,86,85,,1,,,0,0,0,0,0,1,,,0,0,0,0,0,0,0,0
4,Night Hawk .50C,deserteagle,Equipment,1,26,1,0,0,0,0,0,0,0,0,0,0,0,0,0,1,47,45,70,81,85,,1,,,0,0,0,0,0,1,,,240,9118,9205,0,0,0,0,676
5,ES Five-Seven,fiveseven,Equipment,1,11,1,2,0,0,0,0,0,0,0,0,0,0,0,0,1,17,62,70,86,85,,1,,,0,0,0,0,0,1,,,240,9118,9205,0,0,0,0,676
6,K&M .45 Tactical,usp45,Equipment,1,16,1,0,0,0,0,0,0,0,0,0,0,0,0,0,1,30,72,70,85,85,,1,,,0,0,0,0,0,1,,,0,0,0,0,0,0,0,0
7,Leone 12 Gauge Super,m3,Equipment,2,21,1,0,0,0,0,0,0,0,0,0,0,0,0,0,1,78,100,40,54,76,,1,,,0,0,0,0,0,1,,,240,9118,9205,0,0,0,0,676
8,Leone YG1265 Auto Shotgun,xm1014,Equipment,2,5,1,0,0,0,0,0,0,0,0,0,0,0,0,0,1,52,100,48,76,81,,1,,,0,0,0,0,0,1,,,240,9118,9205,0,0,0,0,676
9,Schmidt Machine Pistol,tmp,Equipment,3,23,1,2,0,0,0,0,0,0,0,0,0,0,0,0,1,17,73,83,92,85,,1,,,0,0,0,0,0,1,,,240,9118,9205,0,0,0,0,676
10,Ingram MAC-10,MAC10,Equipment,3,7,1,1,0,0,0,0,0,0,0,0,0,0,0,0,1,25,72,81,92,85,,1,,,0,0,0,0,0,1,,,240,9118,9205,0,0,0,0,676
11,ES C90,p90,Equipment,3,30,1,0,0,0,0,0,0,0,0,0,0,0,0,0,1,18,68,91,92,83,,1,,,0,0,0,0,0,1,,,240,9118,9205,0,0,0,0,676
12,K&M Sub-Machine Gun,MP5,Equipment,3,19,1,0,0,0,0,0,0,0,0,0,0,0,0,0,1,23,79,92,92,85,,1,,,0,0,0,0,0,1,,,0,0,0,0,0,0,0,0
13,K&M UMP45,ump45,Equipment,3,12,1,0,0,0,0,0,0,0,0,0,0,0,0,0,1,26,75,91,90,85,,1,,,0,0,0,0,0,1,,,240,9118,9205,0,0,0,0,676
14,Magnum Sniper Rifle,awp,Equipment,4,18,1,0,0,0,0,0,0,0,0,0,0,0,0,0,1,100,100,70,26,67,,1,,,0,0,0,0,0,1,,,240,9118,9205,0,0,0,0,676
15,Maverick M4A1 Carbine,m4a1,Equipment,4,22,1,2,0,0,0,0,0,0,0,0,0,0,0,0,1,29,88,92,91,76,,1,,,0,0,0,0,0,1,,,240,9118,9205,0,0,0,0,676
16,Bullpup,aug,Equipment,4,8,1,2,0,0,0,0,0,0,0,0,0,0,0,0,1,28,90,82,86,81,,1,,,0,0,0,0,0,1,,,240,9118,9205,0,0,0,0,676
17,Schmidt Scout,Scout,Equipment,4,3,1,0,0,0,0,0,0,0,0,0,0,0,0,0,1,65,88,70,36,90,,1,,,0,0,0,0,0,1,,,0,0,0,0,0,0,0,0
18,Krieg 550 Commando,sg550,Equipment,4,13,1,2,0,0,0,0,0,0,0,0,0,0,0,0,1,61,62,76,83,67,,1,,,0,0,0,0,0,1,,,240,9118,9205,0,0,0,0,676
19,Krieg 552,sg552,Equipment,4,27,1,1,0,0,0,0,0,0,0,0,0,0,0,0,1,29,90,82,91,78,,1,,,0,0,0,0,0,1,,,240,9118,9205,0,0,0,0,676
20,Clarion 5.56,famas,Equipment,4,15,1,2,0,0,0,0,0,0,0,0,0,0,0,0,1,26,90,82,88,81,,1,,,0,0,0,0,0,1,,,240,9118,9205,0,0,0,0,676
21,CV-47,AK47,Equipment,4,28,1,1,0,0,0,0,0,0,0,0,0,0,0,0,1,31,83,79,91,72,,1,,,0,0,0,0,0,1,,,240,9118,9205,0,0,0,0,676
22,D3/AU-1 Semi-Auto Sniper Rifle,G3SG1,Equipment,4,24,1,1,0,0,0,0,0,0,0,0,0,0,0,0,1,70,55,72,83,67,,1,,,0,0,0,0,0,1,,,240,9118,9205,0,0,0,0,676
23,IDF Defender,Galil,Equipment,4,14,1,1,0,0,0,0,0,0,0,0,0,0,0,0,1,26,77,82,91,81,,1,,,0,0,0,0,0,1,,,240,9118,9205,0,0,0,0,0
24,ES M249 Para,m249,Equipment,5,20,1,0,0,0,0,0,0,0,0,0,0,0,0,0,1,28,78,79,90,71,,1,,,0,0,0,0,0,1,,,240,9118,9205,0,0,0,0,676
25,Night Vision Goggles ,nightvision,Equipment,6,2006,1,0,0,0,0,0,0,0,0,0,0,0,0,0,1,,,,,,,1,,,0,0,0,0,0,1,,,0,0,0,0,0,0,0,0
26,Smoke Grenade ,SmokeGrenade,Equipment,6,2004,1,0,0,0,0,0,0,0,0,0,0,0,0,0,1,,,,,,,1,,,0,0,0,0,0,1,,,0,0,0,0,0,0,0,0
27,Kevlar Vest ,Kevlar,Equipment,6,2000,1,0,0,0,0,0,0,0,0,0,0,0,0,0,1,,,,,,,1,,,0,0,0,0,0,1,,,0,0,0,0,0,0,0,0
28,Kevlar Vest & Helmet ,Kevlar_Helmet,Equipment,6,2001,1,0,0,0,0,0,0,0,0,0,0,0,0,0,1,,,,,,,1,,,0,0,0,0,0,1,,,0,0,0,0,0,0,0,0
29,Defuse Kit ,defuser,Equipment,6,2005,1,2,0,0,0,0,0,0,0,0,0,0,0,0,1,,,,,,,1,,,0,0,0,0,0,1,,,0,0,0,0,0,0,0,0
30,Flashbang ,Flashbang,Equipment,6,2002,1,0,0,0,0,0,0,0,0,0,0,0,0,0,1,,,,,,,1,,,0,0,0,0,0,1,,,0,0,0,0,0,0,0,0
31,HE Grenade ,HEGrenade,Equipment,6,2003,1,0,0,0,0,0,0,0,0,0,0,0,0,0,1,,,,,,,1,,,0,0,0,0,0,1,,,0,0,0,0,0,0,0,0
32,QBB-95,QBB95,Equipment,5,41,1,0,0,0,0,0,0,0,0,0,0,0,0,0,1,26,79,74,90,74,,1,,,0,0,0,0,0,1,,,240,9118,9205,0,0,0,0,676
33,FN SCAR,SCAR,Equipment,4,31,1,2,0,0,0,0,0,0,0,0,0,0,0,0,1,"28,34","90,87","81,80","91,90","76,69",,1,,,0,0,0,0,0,1,,,240,9118,9205,0,0,0,0,676
34,XM-8,XM8,Equipment,4,33,1,1,0,0,0,0,0,0,0,0,0,0,0,0,1,"28,28","83,78","81,78","91,91","72,76",,1,,,0,0,0,0,0,1,,,240,9118,9205,0,0,0,0,676
35,VSK-94 Sniper Rifle,VSK94,Equipment,4,40,1,2,0,0,0,0,0,0,0,0,0,0,0,0,1,28,90,79,90,85,,1,,,0,0,0,0,0,1,,,240,9118,9205,0,0,0,0,676
36,K1A Submachinegun,K1A,Equipment,3,38,1,2,0,0,0,0,0,0,0,0,0,0,0,0,1,26,78,87,91,83,,1,,,0,0,0,0,0,1,,,240,9118,9205,0,0,0,0,676
37,MP7A1 Submachinegun,MP7A1,Equipment,3,36,1,0,0,0,0,0,0,0,0,0,0,0,0,0,1,"25,25","71,90","91,88","92,87","85,76",,1,,,0,0,0,0,0,1,,,240,9118,9205,0,0,0,0,676
38,USAS-12 Automatic Shotgun,USAS12,Equipment,2,39,1,1,0,0,0,0,0,0,0,0,0,0,0,0,1,52,100,48,76,58,,1,,,0,0,0,0,0,1,,,240,9118,9205,0,0,0,0,676
39,Dragunov SVD,svd,Equipment,4,35,1,1,0,0,0,0,0,0,0,0,0,0,0,0,1,96,88,39,67,76,,1,,,0,0,0,0,0,1,,,240,9118,9205,0,0,0,0,676
40,Guerilla,guerilla,Class,7,8,1,1,0,0,0,0,0,0,0,0,0,0,0,0,1,21,21,21,21,20,,1,,,0,0,0,0,0,0,,,0,0,0,0,0,0,0,0
41,Terror,terror,Class,7,2,1,1,0,0,0,0,0,0,0,0,0,0,0,0,1,21,21,21,21,20,,1,,,0,0,0,0,0,0,,,0,0,0,0,0,0,0,0
42,Leet,leet,Class,7,3,1,1,0,0,0,0,0,0,0,0,0,0,0,0,1,21,21,21,21,20,,1,,,0,0,0,0,0,0,,,0,0,0,0,0,0,0,0
43,Arctic,arctic,Class,7,4,1,1,0,0,0,0,0,0,0,0,0,0,0,0,1,21,21,21,21,20,,1,,,0,0,0,0,0,0,,,0,0,0,0,0,0,0,0
44,Militia,militia,Class,7,10,1,1,0,0,0,0,0,0,0,0,0,0,0,0,1,21,21,21,21,20,,1,,,0,0,0,0,0,0,,,0,0,0,0,0,0,0,0
45,RBC,RB,Class,7,16,2,1,0,2,2,20,20,20,20,2,10,10,10,10,1,19,24,21,19,21,,1,,,0,0,0,0,0,0,,,240,9119,9206,0,0,0,0,0
46,VC,IRA,Class,7,17,2,1,0,2,2,20,20,40,40,2,10,10,20,20,1,24,18,22,20,20,,1,,,0,0,0,0,0,0,,,240,9119,9206,0,0,0,0,0
47,NLC,ETA,Class,7,18,2,1,0,2,2,20,20,20,20,2,10,10,10,10,1,16,16,24,24,24,,1,,,0,0,0,0,0,0,,,240,9119,9206,0,0,0,0,0
48,ARA,JRA,Class,7,19,2,1,0,2,2,20,20,20,20,2,10,10,10,10,1,21,17,24,18,24,,1,,,0,0,0,0,0,0,,,240,9119,9206,0,0,0,0,0
49,Urban,urban,Class,7,1,1,2,0,0,0,0,0,0,0,0,0,0,0,0,1,21,21,21,21,20,,1,,,0,0,0,0,0,0,,,0,0,0,0,0,0,0,0
50,GSG9,gsg9,Class,7,5,1,2,0,0,0,0,0,0,0,0,0,0,0,0,1,21,21,21,21,20,,1,,,0,0,0,0,0,0,,,0,0,0,0,0,0,0,0
51,GIGN,gign,Class,7,6,1,2,0,0,0,0,0,0,0,0,0,0,0,0,1,21,21,21,21,20,,1,,,0,0,0,0,0,0,,,0,0,0,0,0,0,0,0
52,SAS,sas,Class,7,7,1,2,0,0,0,0,0,0,0,0,0,0,0,0,1,21,21,21,21,20,,1,,,0,0,0,0,0,0,,,0,0,0,0,0,0,0,0
53,Spetsnaz,Spetsnaz,Class,7,11,1,2,0,0,0,0,0,0,0,0,0,0,0,0,1,24,20,18,24,18,,1,,,0,0,0,0,0,0,,,0,0,0,0,0,0,0,0
54,707,707,Class,7,12,2,2,0,2,2,20,20,20,20,2,10,10,10,10,1,22,24,16,23,19,,1,,,0,0,0,0,0,0,,,240,9119,9206,0,0,0,0,0
55,Sozo,sozo,Class,7,13,2,2,0,2,2,20,20,20,20,2,10,10,10,10,1,20,19,17,24,24,,1,,,0,0,0,0,0,0,,,240,9119,9206,0,0,0,0,0
56,Magui,magui,Class,7,14,2,2,0,2,2,20,20,40,40,2,10,10,20,20,1,16,19,23,23,23,,1,,,0,0,0,0,0,0,,,240,9119,9206,0,0,0,0,0
57,Sdefence,sdefence,Class,7,15,2,2,0,2,2,20,20,20,20,2,20,20,20,20,1,19,16,22,25,22,,1,,,0,0,0,0,0,0,,,240,9123,9204,0,0,0,0,0
59,ExpUp,ExpUp,PeriodicItem,8,0,2,0,0,1,1,50,50,90,90,0,0,0,0,0,1,,,,,,,1,,,0,0,0,0,0,0,,,240,9120,9207,0,0,0,0,0
65,NicknameChange,NicknameChange,NicknameChange,9,0,4,0,0,0,0,0,0,0,0,0,0,0,0,0,1,,,,,,,0,,,0,0,0,0,0,0,,,1,9206,0,0,0,0,0,0
68,NicknameCamouflage,NicknameCamouflage,NicknameCamouflage,8,0,4,0,0,0,0,0,0,0,0,0,0,0,0,0,1,,,,,,,1,,,0,0,0,0,0,0,,,0,0,0,0,0,0,0,0
71,InviteAll,InviteAll,PeriodicItem,8,0,1,0,0,0,0,0,0,0,0,0,0,0,0,0,1,,,,,,,1,,,0,0,0,0,0,0,,,240,9121,9208,0,0,0,0,0
72,ChannelChat,ChannelChat,ChannelChat,8,0,1,0,0,0,0,0,0,0,0,0,0,0,0,0,1,,,,,,,1,,,0,0,0,0,0,0,,,240,9121,9208,0,0,0,0,0
73,DoubleUp,DoubleUp,PeriodicItem,8,0,2,0,0,1,1,50,50,90,90,1,50,50,90,90,1,,,,,,,1,,,0,0,0,0,0,0,,,240,9120,9207,0,0,0,0,0
76,ShortTimeRespawn,ShortTimeRespawn,PeriodicItem,8,0,2,0,0,0,0,0,0,0,0,0,0,0,0,0,1,,,,,,,1,,,0,0,0,0,0,1,,,240,9121,9208,0,0,0,0,0
80,ResetPcbang,ResetPcbang,ResetCafe,9,0,2,0,0,0,0,0,0,0,0,0,0,0,0,0,1,,,,,,,0,,,0,0,0,0,0,0,,,0,0,0,0,0,0,0,0
82,ResetWinAndLose,ResetWinAndLose,ResetWinLose,9,0,2,0,0,0,0,0,0,0,0,0,0,0,0,0,1,,,,,,,0,,,0,0,0,0,0,0,,,1,9206,0,0,0,0,0,0
84,DisplayKiller,DisplayKiller,PeriodicItem,8,0,1,0,0,0,0,0,0,0,0,0,0,0,0,0,1,,,,,,,1,,,0,0,0,0,0,0,,,240,9121,9208,0,0,0,0,0
89,ClannoticeExpansion,ClannoticeExpansion,ClanNoticeExpansion,8,0,1,0,0,0,0,0,0,0,0,0,0,0,0,0,2,,,,,,,1,1,,0,0,0,0,0,0,,,0,0,0,0,0,0,0,0
90,ClanmateIncrease,ClanmateIncrease,Requirement,9,0,0,0,0,0,0,0,0,0,0,0,0,0,0,0,2,,,,,,,0,1,,0,0,0,0,0,0,,,0,0,0,0,0,0,0,0
91,ClanmarkChange,ClanmarkChange,Requirement,9,0,0,0,0,0,0,0,0,0,0,0,0,0,0,0,2,,,,,,,0,1,,0,0,0,0,0,0,,,0,0,0,0,0,0,0,0
100,ResetClanscore,ResetClanscore,Requirement,9,0,0,0,0,0,0,0,0,0,0,0,0,0,0,0,2,,,,,,,0,1,,0,0,0,0,0,0,,,0,0,0,0,0,0,0,0
101,ClanUnion,ClanUnion,Requirement,9,0,0,0,0,0,0,0,0,0,0,0,0,0,0,0,2,,,,,,,0,1,,0,0,0,0,0,0,,,0,0,0,0,0,0,0,0
102,ResetClanPcbang,ResetClanPcbang,ResetClanCafe,9,0,2,0,0,0,0,0,0,0,0,0,0,0,0,0,2,,,,,,,0,1,,0,0,0,0,0,0,,,0,0,0,0,0,0,0,0
103,ResetKillDeath,ResetKillDeath,ResetKillDeath,9,0,2,0,0,0,0,0,0,0,0,0,0,0,0,0,1,,,,,,,0,,,0,0,0,0,0,0,,,1,9206,0,0,0,0,0,0
104,VoteKick,VoteKick,Requirement,9,0,0,0,0,0,0,0,0,0,0,0,0,0,0,0,1,,,,,,,0,,,0,0,0,0,0,0,,,10,9121,0,0,0,0,0,0
105,DefeatInvalidation,DefeatInvalidation,Requirement,9,0,0,0,0,0,0,0,0,0,0,0,0,0,0,0,1,,,,,,,0,,,0,0,0,0,0,0,,,10,9120,0,0,0,0,0,0
106,PenaltyInvalidation,PenaltyInvalidation,Requirement,9,0,0,0,0,0,0,0,0,0,0,0,0,0,0,0,1,,,,,,,0,,,0,0,0,0,0,0,,,10,9120,0,0,0,0,0,0
107,PenaltyDefeatInvalidation,PenaltyDefeatInvalidation,Requirement,9,0,0,0,0,0,0,0,0,0,0,0,0,0,0,0,1,,,,,,,0,,,0,0,0,0,0,0,,,10,9120,0,0,0,0,0,0
108,PointUp,PointUp,PeriodicItem,8,0,2,0,0,1,0,0,0,0,0,1,50,50,90,90,1,,,,,,,1,,,0,0,0,0,0,0,,,240,9120,9207,0,0,0,0,0
111,DamageDisplay,DamageDisplay,PeriodicItem,8,0,1,0,0,0,0,0,0,0,0,0,0,0,0,0,1,,,,,,,1,,,0,0,0,0,0,1,,,480,9121,9208,0,0,0,0,0
112,C4Sound,C4Sound,PeriodicItem,8,0,1,0,0,0,0,0,0,0,0,0,0,0,0,0,1,,,,,,,1,,,0,0,0,0,0,1,,,480,9121,9208,0,0,0,0,0
113,SCAR556Limited,SCAR556Limited,Equipment,4,42,1,2,0,0,0,0,0,0,0,0,0,0,0,0,1,28,90,81,91,76,,0,,,0,0,0,0,0,1,,,0,0,0,0,0,0,0,676
114,XM8CarbineLimited,XM8CarbineLimited,Equipment,4,43,1,1,0,0,0,0,0,0,0,0,0,0,0,0,1,28,83,81,91,72,,0,,,0,0,0,0,0,1,,,0,0,0,0,0,0,0,676
134,G3SG1SR25,G3SG1SR25,SkinItem,8,0,1,0,0,0,0,0,0,0,0,0,0,0,0,0,1,,,,,,22,1,,,0,0,0,0,0,0,,,0,0,0,0,0,0,0,0
136,ZombieAnoWeapon,ZombieAnoWeapon,PeriodicItem,8,0,1,0,0,0,0,0,0,0,0,0,0,0,0,0,1,,,,,,,1,,,0,0,0,0,0,1,,,240,9121,9208,0,0,0,0,0
137,ZombieBnoWeapon,ZombieBnoWeapon,PeriodicItem,8,0,1,0,0,0,0,0,0,0,0,0,0,0,0,0,1,,,,,,,1,,,0,0,0,0,0,1,,,240,9121,9208,0,0,0,0,0
138,ZombieCnoWeapon,ZombieCnoWeapon,PeriodicItem,8,0,1,0,0,0,0,0,0,0,0,0,0,0,0,0,1,,,,,,,1,,,0,0,0,0,0,1,,,240,9121,9208,0,0,0,0,0
148,MG3,MG3,Equipment,5,45,1,0,0,0,0,0,0,0,0,0,0,0,0,0,1,30,73,78,91,71,,1,,,0,0,0,0,0,1,,,240,9117,9204,8,0,0,0,676
149,Anaconda,Anaconda,Equipment,1,46,1,0,0,0,0,0,0,0,0,0,0,0,0,0,1,39,68,70,83,85,,1,,,0,0,0,0,0,1,,,240,9117,9204,0,0,0,0,676
150,Criss,Criss,Class,7,20,1,2,0,0,0,0,0,0,0,0,0,0,0,0,1,26,21,20,16,21,,1,,,0,0,0,0,0,0,,,240,9118,9205,0,0,0,0,0
151,Natasha,Natasha,Class,7,21,1,2,0,0,0,0,0,0,0,0,0,0,0,0,1,21,25,20,22,16,,1,,,0,0,0,0,0,0,,,240,9118,9205,0,0,0,0,0
152,ChoiJiYoon,ChoiJiYoon,Class,7,22,1,2,0,2,2,10,10,20,20,2,10,10,20,20,1,22,16,24,26,16,,1,,,0,0,0,0,0,0,,,240,9118,9205,0,0,0,0,0
153,Jennifer,Jennifer,Class,7,23,1,1,0,0,0,0,0,0,0,0,0,0,0,0,1,22,26,22,16,18,,1,,,0,0,0,0,0,0,,,240,9118,9205,0,0,0,0,0
154,Ritsuka,Ritsuka,Class,7,24,1,1,0,2,2,10,10,20,20,2,10,10,20,20,1,16,23,26,16,23,,1,,,0,0,0,0,0,0,,,240,9118,9205,0,0,0,0,0
155,Yuri,Yuri,Class,7,25,1,1,0,0,0,0,0,0,0,0,0,0,0,0,1,16,26,23,20,19,,1,,,0,0,0,0,0,0,,,240,9118,9205,0,0,0,0,0
157,TRG42,TRG42,Equipment,4,47,1,0,0,0,0,0,0,0,0,0,0,0,0,0,1,100,100,66,27,69,,1,,,0,0,0,0,0,1,,,240,9117,9204,0,0,0,0,0
158,Hdagger,Hdagger,Equipment,11,4003,1,0,0,0,0,0,0,0,0,0,0,0,0,0,1,,,,,,,1,,,0,0,0,0,0,1,,,240,9118,9205,0,0,0,0,676
159,awpRED,AWPRED,Equipment,4,51,1,0,0,0,0,0,0,0,0,0,0,0,0,0,1,100,100,70,26,67,,1,,,0,0,0,0,0,1,,,480,9121,9208,0,0,0,0,0
160,m249RED,M249RED,Equipment,5,52,1,0,0,0,0,0,0,0,0,0,0,0,0,0,1,28,78,79,90,71,,1,,,0,0,0,0,0,1,,,480,9121,9208,0,0,0,0,0
161,defaultKnife,defaultKnife,Equipment,11,4000,1,0,0,0,0,0,0,0,0,0,0,0,0,0,1,,,,,,,1,,,0,0,0,0,0,1,,,0,0,0,0,0,0,0,0
162,XmasHat,XmasHat,PeriodicItem,8,0,2,0,0,0,0,0,0,0,0,0,0,0,0,0,1,,,,,,,1,,,0,0,0,0,0,1,,,0,0,0,0,0,0,0,0
163,SpeedZombie,SpeedZombie,PeriodicItem,8,0,1,0,0,0,0,0,0,0,0,0,0,0,0,0,1,,,,,,,1,,,0,0,0,0,0,1,,,240,9119,9206,0,0,0,0,0
164,NataKnife,NataKnife,PeriodicItem,11,4001,1,0,0,0,0,0,0,0,0,0,0,0,0,0,1,,,,,,,1,,,0,0,0,0,0,1,,,240,9118,9205,0,0,0,0,0
166,PasswordBox,PasswordBox,PeriodicItem,8,0,2,0,0,0,0,0,0,0,0,0,0,0,0,0,1,,,,,,,0,,,0,0,0,0,0,0,,,0,0,0,0,0,0,0,0
167,NewyearSpray,NewyearSpray,PeriodicItem,8,0,1,0,0,0,0,0,0,0,0,0,0,0,0,0,1,,,,,,,1,,,0,0,0,0,0,0,,,480,9121,9208,0,0,0,0,0
168,NewyearSprayKor,NewyearSprayKor,PeriodicItem,8,0,1,0,0,0,0,0,0,0,0,0,0,0,0,0,1,,,,,,,1,,,0,0,0,0,0,0,,,240,9124,9208,0,0,0,0,0
169,M400,M400,Equipment,4,53,1,0,0,0,0,0,0,0,0,0,0,0,0,0,1,100,100,67,24,65,,1,,,0,0,0,0,0,1,,,240,9115,9202,0,0,0,0,0
170,AK47G,AK47G,Equipment,4,55,1,0,0,0,0,0,0,0,0,0,0,0,0,0,1,31,83,79,91,72,,1,,,0,0,0,0,0,1,,,240,9115,9202,0,0,0,0,0
171,M4A1G,M4A1G,Equipment,4,54,1,0,0,0,0,0,0,0,0,0,0,0,0,0,1,29,88,92,91,76,,1,,,0,0,0,0,0,1,,,240,9115,9202,0,0,0,0,0
172,DesertEagleG,DesertEagleG,Equipment,1,56,1,0,0,0,0,0,0,0,0,0,0,0,0,0,1,47,45,70,81,85,,1,,,0,0,0,0,0,1,,,240,9115,9202,0,0,0,0,0
173,CashDecoder,CashDecoder,LotteryKeyItem,9,0,2,0,0,0,0,0,0,0,0,0,0,0,0,0,1,,,,,,,0,,DecoderA,0,0,0,0,0,0,,,0,0,0,0,0,0,0,0
174,EventBomb,EventBomb,PeriodicItem,6,2010,1,0,0,0,0,0,0,0,0,0,0,0,0,0,1,,,,,,,1,,,0,0,0,0,0,1,,,480,9121,9208,0,0,0,0,0
175,HeavyZombie,HeavyZombie,PeriodicItem,8,0,1,0,0,0,0,0,0,0,0,0,0,0,0,0,1,,,,,,,1,,,0,0,0,0,0,1,,,240,9119,9206,0,0,0,0,0
176,Hammer,Hammer,PeriodicItem,11,4002,1,0,0,0,0,0,0,0,0,0,0,0,0,0,1,,,,,,,1,,,0,0,0,0,0,1,,,240,9118,9205,0,0,0,0,0
177,TaegeukgiSpray,TaegeukgiSpray,PeriodicItem,8,0,1,0,0,0,0,0,0,0,0,0,0,0,0,0,1,,,,,,,1,,,0,0,0,0,0,0,,,240,9124,9208,0,0,0,0,0
179,BVSpray,BVSpray,PeriodicItem,8,0,1,0,0,0,0,0,0,0,0,0,0,0,0,0,1,,,,,,,1,,,0,0,0,0,0,0,,,240,9124,9208,0,0,0,0,0
180,ZombieDoubleUp,ZombieDoubleUp,PeriodicItem,8,0,2,0,0,1,4,50,50,50,50,4,50,50,50,50,1,,,,,,,1,,,0,0,0,0,0,0,,,240,9121,9208,0,0,0,0,0
181,ZombiePointUp,ZombiePointUp,PeriodicItem,8,0,2,0,0,1,4,0,0,0,0,4,50,50,50,50,1,,,,,,,1,,,0,0,0,0,0,0,,,240,9121,9208,0,0,0,0,0
182,ZombieExpUp,ZombieExpUp,PeriodicItem,8,0,2,0,0,1,4,50,50,50,50,4,0,0,0,0,1,,,,,,,1,,,0,0,0,0,0,0,,,240,9121,9208,0,0,0,0,0
183,NatashaSpray,NatashaSpray,PeriodicItem,8,0,1,0,0,0,0,0,0,0,0,0,0,0,0,0,1,,,,,,,1,,,0,0,0,0,0,0,,,240,9118,9205,0,0,0,0,0
184,JenniferSpray,JenniferSpray,PeriodicItem,8,0,1,0,0,0,0,0,0,0,0,0,0,0,0,0,1,,,,,,,1,,,0,0,0,0,0,0,,,240,9118,9205,0,0,0,0,0
185,RitsukaSpray,RitsukaSpray,PeriodicItem,8,0,1,0,0,0,0,0,0,0,0,0,0,0,0,0,1,,,,,,,1,,,0,0,0,0,0,0,,,240,9118,9205,0,0,0,0,0
186,ChoiJiYoonSpray,ChoiJiYoonSpray,PeriodicItem,8,0,1,0,0,0,0,0,0,0,0,0,0,0,0,0,1,,,,,,,1,,,0,0,0,0,0,0,,,240,9118,9205,0,0,0,0,0
187,SL8,SL8,Equipment,4,57,1,0,0,0,0,0,0,0,0,0,0,0,0,0,1,54,61,80,85,67,,1,,,0,0,0,0,0,1,,,240,9117,9204,0,0,0,0,676
188,SD707Spray,SD707Spray,PeriodicItem,8,0,1,0,0,0,0,0,0,0,0,0,0,0,0,0,1,,,,,,,1,,,0,0,0,0,0,0,,,240,9124,9208,0,0,0,0,0
189,SDsasSpray,SDsasSpray,PeriodicItem,8,0,1,0,0,0,0,0,0,0,0,0,0,0,0,0,1,,,,,,,1,,,0,0,0,0,0,0,,,240,9124,9208,0,0,0,0,0
190,SDleetSpray,SDleetSpray,PeriodicItem,8,0,1,0,0,0,0,0,0,0,0,0,0,0,0,0,1,,,,,,,1,,,0,0,0,0,0,0,,,240,9124,9208,0,0,0,0,0
191,SDnlcSpray,SDnlcSpray,PeriodicItem,8,0,1,0,0,0,0,0,0,0,0,0,0,0,0,0,1,,,,,,,1,,,0,0,0,0,0,0,,,240,9124,9208,0,0,0,0,0
192,Fake01Spray,Fake01Spray,PeriodicItem,8,0,1,0,0,0,0,0,0,0,0,0,0,0,0,0,1,,,,,,,1,,,0,0,0,0,0,0,,,480,9121,9208,0,0,0,0,0
193,Fake02Spray,Fake02Spray,PeriodicItem,8,0,1,0,0,0,0,0,0,0,0,0,0,0,0,0,1,,,,,,,1,,,0,0,0,0,0,0,,,480,9121,9208,0,0,0,0,0
194,Fake03Spray,Fake03Spray,PeriodicItem,8,0,1,0,0,0,0,0,0,0,0,0,0,0,0,0,1,,,,,,,1,,,0,0,0,0,0,0,,,480,9121,9208,0,0,0,0,0
195,Fake04Spray,Fake04Spray,PeriodicItem,8,0,1,0,0,0,0,0,0,0,0,0,0,0,0,0,1,,,,,,,1,,,0,0,0,0,0,0,,,480,9121,9208,0,0,0,0,0
196,Fake05Spray,Fake05Spray,PeriodicItem,8,0,1,0,0,0,0,0,0,0,0,0,0,0,0,0,1,,,,,,,1,,,0,0,0,0,0,0,,,480,9121,9208,0,0,0,0,0
197,M1887,M1887,Equipment,2,58,1,0,0,0,0,0,0,0,0,0,0,0,0,0,1,70,100,22,62,76,,1,,,0,0,0,0,0,1,,,240,9117,9204,8,0,0,0,676
198,SkullSpray,SkullSpray,PeriodicItem,8,0,1,0,0,0,0,0,0,0,0,0,0,0,0,0,1,,,,,,,1,,,0,0,0,0,0,0,,,480,9121,9208,0,0,0,0,0
199,BandSpray,BandSpray,PeriodicItem,8,0,1,0,0,0,0,0,0,0,0,0,0,0,0,0,1,,,,,,,1,,,0,0,0,0,0,0,,,480,9121,9208,0,0,0,0,0
200,PCZombie,PCZombie,PeriodicItem,8,0,1,0,0,0,0,0,0,0,0,0,0,0,0,0,1,,,,,,,1,,,0,0,0,0,0,1,,,0,0,0,0,0,0,0,0
201,Sprint,Sprint,PeriodicItem,8,0,1,0,0,0,0,0,0,0,0,0,0,0,0,0,1,,,,,,,1,,,0,0,0,0,0,1,,,0,0,0,0,0,0,0,0
202,F2000,F2000,Equipment,4,60,1,0,0,0,0,0,0,0,0,0,0,0,0,0,1,28,91,83,91,71,,1,,,0,0,0,0,0,1,,,240,9115,9202,0,0,0,0,0
203,K1ASE,K1ASE,Equipment,3,61,1,0,0,0,0,0,0,0,0,0,0,0,0,0,1,28,78,87,91,83,,1,,,0,0,0,0,0,1,,,240,9115,9202,0,0,0,0,0
205,CrissSpray,CrissSpray,PeriodicItem,8,0,1,0,0,0,0,0,0,0,0,0,0,0,0,0,1,,,,,,,1,,,0,0,0,0,0,0,,,240,9118,9205,0,0,0,0,0
206,YuriSpray,YuriSpray,PeriodicItem,8,0,1,0,0,0,0,0,0,0,0,0,0,0,0,0,1,,,,,,,1,,,0,0,0,0,0,0,,,240,9118,9205,0,0,0,0,0
207,GongmoSpray01,GongmoSpray01,PeriodicItem,8,0,1,0,0,0,0,0,0,0,0,0,0,0,0,0,1,,,,,,,1,,,0,0,0,0,0,0,,,480,9121,9208,0,0,0,0,0
208,GongmoSpray02,GongmoSpray02,PeriodicItem,8,0,1,0,0,0,0,0,0,0,0,0,0,0,0,0,1,,,,,,,1,,,0,0,0,0,0,0,,,480,9121,9208,0,0,0,0,0
209,GongmoSpray03,GongmoSpray03,PeriodicItem,8,0,1,0,0,0,0,0,0,0,0,0,0,0,0,0,1,,,,,,,1,,,0,0,0,0,0,0,,,480,9121,9208,0,0,0,0,0
210,SniperMSpray,SniperMSpray,PeriodicItem,8,0,1,0,0,0,0,0,0,0,0,0,0,0,0,0,1,,,,,,,1,,,0,0,0,0,0,0,,,240,9124,9208,0,0,0,0,0
211,JKnife,JKnife,PeriodicItem,11,4004,1,0,0,0,0,0,0,0,0,0,0,0,0,0,1,,,,,,,1,,,0,0,0,0,0,1,,,240,9118,9205,0,0,0,0,676
212,M24Grenade,M24Grenade,PeriodicItem,6,2007,1,0,0,0,0,0,0,0,0,0,0,0,0,0,1,,,,,,,1,,,0,0,0,0,0,1,,,240,9118,9205,0,0,0,0,0
213,M134,M134,Equipment,5,59,1,0,0,0,0,0,0,0,0,0,0,0,0,0,1,33,54,96,100,46,,1,,,0,0,0,0,0,1,,,240,9117,9204,0,0,0,0,676
215,Firebomb,Firebomb,PeriodicItem,6,2009,1,0,0,0,0,0,0,0,0,0,0,0,0,0,1,,,,,,,1,,,0,0,0,0,0,1,,,240,9121,9208,0,0,0,0,0
216,ZombiDoctor,ZombiDoctor,PeriodicItem,8,0,1,0,0,0,0,0,0,0,0,0,0,0,0,0,1,,,,,,,1,,,0,0,0,0,0,1,,,240,9119,9206,0,0,0,0,0
217,CHumanSpray,CHumanSpray,PeriodicItem,8,0,1,0,0,0,0,0,0,0,0,0,0,0,0,0,1,,,,,,,1,,,0,0,0,0,0,0,,,240,9124,9208,0,0,0,0,0
218,CZombieSpray,CZombieSpray,PeriodicItem,8,0,1,0,0,0,0,0,0,0,0,0,0,0,0,0,1,,,,,,,1,,,0,0,0,0,0,0,,,240,9124,9208,0,0,0,0,0
219,THunterSpray,THunterSpray,PeriodicItem,8,0,1,0,0,0,0,0,0,0,0,0,0,0,0,0,1,,,,,,,1,,,0,0,0,0,0,0,,,240,9124,9208,0,0,0,0,0
220,M1887G,M1887G,Equipment,2,63,1,0,0,0,0,0,0,0,0,0,0,0,0,0,1,78,100,22,62,76,,1,,,0,0,0,0,0,1,,,240,9115,9202,8,0,0,0,0
221,SL8G,SL8G,Equipment,4,64,1,0,0,0,0,0,0,0,0,0,0,0,0,0,1,56,64,80,85,67,,1,,,0,0,0,0,0,1,,,240,9115,9202,0,0,0,0,0
222,Guitar,Guitar,Equipment,4,65,1,0,0,0,0,0,0,0,0,0,0,0,0,0,1,30,91,82,89,78,,1,,,0,0,0,0,0,1,,,240,9115,9202,0,0,0,0,0
223,GongmoSpray04,GongmoSpray04,PeriodicItem,8,0,1,0,0,0,0,0,0,0,0,0,0,0,0,0,1,,,,,,,1,,,0,0,0,0,0,0,,,240,9124,9208,0,0,0,0,0
224,GongmoSpray05,GongmoSpray05,PeriodicItem,8,0,1,0,0,0,0,0,0,0,0,0,0,0,0,0,1,,,,,,,1,,,0,0,0,0,0,0,,,240,9124,9208,0,0,0,0,0
225,GongmoSpray06,GongmoSpray06,PeriodicItem,8,0,1,0,0,0,0,0,0,0,0,0,0,0,0,0,1,,,,,,,1,,,0,0,0,0,0,0,,,240,9124,9208,0,0,0,0,0
231,SDJenniferSpray,SDJenniferSpray,PeriodicItem,8,0,1,0,0,0,0,0,0,0,0,0,0,0,0,0,1,,,,,,,1,,,0,0,0,0,0,0,,,240,9120,9207,0,0,0,0,0
232,SDNatashaSpray,SDNatashaSpray,PeriodicItem,8,0,1,0,0,0,0,0,0,0,0,0,0,0,0,0,1,,,,,,,1,,,0,0,0,0,0,0,,,240,9120,9207,0,0,0,0,0
233,M24,M24,Equipment,4,66,1,0,0,0,0,0,0,0,0,0,0,0,0,0,1,99,92,70,24,85,,1,,,0,0,0,0,0,1,,,240,9118,9205,0,0,0,0,676
235,SDRitsukaSpray,SDRitsukaSpray,PeriodicItem,8,0,1,0,0,0,0,0,0,0,0,0,0,0,0,0,1,,,,,,,1,,,0,0,0,0,0,0,,,240,9120,9207,0,0,0,0,0
236,SDChoiJiYoonSpray,SDChoiJiYoonSpray,PeriodicItem,8,0,1,0,0,0,0,0,0,0,0,0,0,0,0,0,1,,,,,,,1,,,0,0,0,0,0,0,,,240,9120,9207,0,0,0,0,0
237,Axe,Axe,PeriodicItem,11,4005,1,0,0,0,0,0,0,0,0,0,0,0,0,0,1,,,,,,,1,,,0,0,0,0,0,1,,,240,9117,9204,0,0,0,0,676
238,7thdaySpray,7thdaySpray,PeriodicItem,8,0,1,0,0,0,0,0,0,0,0,0,0,0,0,0,1,,,,,,,1,,,0,0,0,0,0,0,,,240,9124,9208,0,0,0,0,0
239,SDCrissSpray,SDCrissSpray,PeriodicItem,8,0,1,0,0,0,0,0,0,0,0,0,0,0,0,0,1,,,,,,,1,,,0,0,0,0,0,0,,,240,9120,9207,0,0,0,0,0
240,SDYuriSpray,SDYuriSpray,PeriodicItem,8,0,1,0,0,0,0,0,0,0,0,0,0,0,0,0,1,,,,,,,1,,,0,0,0,0,0,0,,,240,9120,9207,0,0,0,0,0
241,RealChoiJiYoonSpray,RealChoiJiYoonSpray,PeriodicItem,8,0,1,0,0,0,0,0,0,0,0,0,0,0,0,0,1,,,,,,,1,,,0,0,0,0,0,0,,,240,9124,9208,0,0,0,0,0
242,Infinity,Infinity,Equipment,1,67,1,0,0,0,0,0,0,0,0,0,0,0,0,0,1,"28,26","68, 60","70,81","87,90","85,85",,1,,,0,0,0,0,0,1,,,240,9117,9204,0,0,0,0,676
243,WaterGun,WaterGun,Equipment,3,68,1,0,0,0,0,0,0,0,0,0,0,0,0,0,1,23,79,92,92,85,,1,,,0,0,0,0,0,1,,,240,9115,9202,0,0,0,0,0
244,M4A1Gold,M4A1Gold,Equipment,4,69,1,0,0,0,0,0,0,0,0,0,0,0,0,0,1,29,88,92,91,76,,1,,,0,0,0,0,0,1,,,240,9115,9202,0,0,0,0,0
245,InfinityEX1,InfinityEX1,Equipment,1,70,1,0,0,0,0,0,0,0,0,0,0,0,0,0,1,"30,28","77, 63","70,81","87,90","85,85",,1,,,0,0,0,0,0,1,,,480,9121,9208,0,0,0,0,0
246,AWPcamo,AWPcamo,Equipment,4,71,1,0,0,0,0,0,0,0,0,0,0,0,0,0,1,100,100,70,26,67,,1,,,0,0,0,0,0,1,,,480,9121,9208,0,0,0,0,0
248,Combatknife,Combatknife,PeriodicItem,11,4006,1,0,0,0,0,0,0,0,0,0,0,0,0,0,1,,,,,,,1,,,0,0,0,0,0,1,,,240,9116,9202,0,0,0,0,676
249,Mastercombatknife,Mastercombatknife,PeriodicItem,11,4007,1,0,0,0,0,0,0,0,0,0,0,0,0,0,1,,,,,,,1,,,0,0,0,0,0,1,,,240,9116,9202,0,0,0,0,0
250,SVDEX,SVDEX,Equipment,4,72,1,1,0,0,0,0,0,0,0,0,0,0,0,0,1,96,88,39,67,76,,1,,,0,0,0,0,0,0,,,240,9116,9202,0,0,0,0,0
251,Pumpkin,Pumpkin,PeriodicItem,6,2012,1,0,0,0,0,0,0,0,0,0,0,0,0,0,1,,,,,,,1,,,0,0,0,0,0,1,,,240,9116,9202,0,0,0,0,0
252,ZombieHnoWeapon,ZombieHnoWeapon,PeriodicItem,8,0,1,0,0,0,0,0,0,0,0,0,0,0,0,0,1,,,,,,,1,,,0,0,0,0,0,1,,,240,9116,9202,0,0,0,0,0
253,Gerrard,Gerrard,Class,7,26,1,2,0,0,0,0,0,0,0,0,0,0,0,0,1,17,24,21,19,23,,1,,,5,10,5,10,0,0,,,240,9116,9202,0,0,0,0,0
254,Davidblack,Davidblack,Class,7,27,1,1,0,0,0,0,0,0,0,0,0,0,0,0,1,25,19,17,21,22,,1,,,5,10,5,10,0,0,,,240,9116,9202,0,0,0,0,0
255,QBB95EX,QBB95EX,Equipment,5,73,1,0,0,0,0,0,0,0,0,0,0,0,0,0,1,26,79,74,90,74,,1,,,0,0,0,0,0,1,,,240,9116,9202,0,0,0,0,676
256,SDPcZbSpray01,SDPcZbSpray01,PeriodicItem,8,0,1,0,0,0,0,0,0,0,0,0,0,0,0,0,1,,,,,,,1,,,0,0,0,0,0,0,,,240,9116,9202,0,0,0,0,0
257,SDPcZbSpray02,SDPcZbSpray02,PeriodicItem,8,0,1,0,0,0,0,0,0,0,0,0,0,0,0,0,1,,,,,,,1,,,0,0,0,0,0,0,,,240,9116,9202,0,0,0,0,0
258,Scen_hp30,Scen_hp30,Requirement,9,0,0,0,0,0,0,0,0,0,0,0,0,0,0,0,1,,,,,,,0,,,0,0,0,0,0,1,,,240,9116,9202,0,0,0,0,0
259,Scen_hp100,Scen_hp100,Requirement,9,0,0,0,0,0,0,0,0,0,0,0,0,0,0,0,1,,,,,,,0,,,0,0,0,0,0,1,,,240,9116,9202,0,0,0,0,0
260,Scen_respawn,Scen_respawn,Requirement,9,0,0,0,0,0,0,0,0,0,0,0,0,0,0,0,1,,,,,,,0,,,0,0,0,0,0,1,,,240,9116,9202,0,0,0,0,0
261,M79,M79,Equipment,1,75,1,0,0,0,0,0,0,0,0,0,0,0,0,0,1,70,100,100,10,85,,1,,,0,0,0,0,0,1,,,240,9116,9202,0,0,0,0,676
264,ChristmasEventSpray2009,XmasSpray09,PeriodicItem,8,0,1,0,0,0,0,0,0,0,0,0,0,0,0,0,1,,,,,,,1,,,0,0,0,0,0,0,,,480,9121,9208,0,0,0,0,0
265,SDHvyZbSpray01,SDHvyZbSpray01,PeriodicItem,8,0,1,0,0,0,0,0,0,0,0,0,0,0,0,0,1,,,,,,,1,,,0,0,0,0,0,0,,,240,9120,9207,0,0,0,0,0
266,SDLgtZbSpray01,SDLgtZbSpray01,PeriodicItem,8,0,1,0,0,0,0,0,0,0,0,0,0,0,0,0,1,,,,,,,1,,,0,0,0,0,0,0,,,240,9120,9207,0,0,0,0,0
267,M134_Xmas,M134_Xmas,Equipment,5,76,1,0,0,0,0,0,0,0,0,0,0,0,0,0,1,33,54,96,100,46,,1,,,0,0,0,0,0,1,,,240,9117,9204,0,0,0,0,0
268,MG3_Xmas,MG3_Xmas,Equipment,5,77,1,0,0,0,0,0,0,0,0,0,0,0,0,0,1,30,73,78,91,71,,1,,,0,0,0,0,0,1,,,240,9117,9204,8,0,0,0,0
270,InfinityEX2,InfinityEX2,Equipment,1,78,1,0,0,0,0,0,0,0,0,0,0,0,0,0,1,"34, 30","85, 69","70,80","88,90","85,85",,1,,,0,0,0,0,0,1,,,480,9121,9208,0,0,0,0,0
271,HK23,HK23,Equipment,5,79,1,0,0,0,0,0,0,0,0,0,0,0,0,0,1,27,80,82,90,74,,1,,,0,0,0,0,0,1,,,240,9117,9204,8,0,0,0,676
275,CityMap01,CityMap01,EventItem,9,0,2,0,0,0,0,0,0,0,0,0,0,0,0,0,1,,,,,,,0,,,0,0,0,0,0,0,,,5,9121,0,0,0,0,0,0
276,RexEquip01,RexEquip01,EventItem,9,0,2,0,0,0,0,0,0,0,0,0,0,0,0,0,1,,,,,,,0,,,0,0,0,0,0,0,,,5,9121,0,0,0,0,0,0
277,AndreyNote01,AndreyNote01,EventItem,9,0,2,0,0,0,0,0,0,0,0,0,0,0,0,0,1,,,,,,,0,,,0,0,0,0,0,0,,,5,9121,0,0,0,0,0,0
278,PhobosSample,PhobosSample,EventItem,9,0,2,0,0,0,0,0,0,0,0,0,0,0,0,0,1,,,,,,,0,,,0,0,0,0,0,0,,,5,9121,0,0,0,0,0,0
279,M4A1Dragon,M4A1Dragon,Equipment,4,80,1,2,0,0,0,0,0,0,0,0,0,0,0,0,1,29,88,92,91,76,,1,,,0,0,0,0,0,1,,,240,9117,9204,0,0,0,0,0
280,AK47Dragon,AK47Dragon,Equipment,4,81,1,1,0,0,0,0,0,0,0,0,0,0,0,0,1,31,83,79,91,72,,1,,,0,0,0,0,0,1,,,240,9117,9204,0,0,0,0,0
281,KnifeDragon,KnifeDragon,PeriodicItem,11,4008,1,0,0,0,0,0,0,0,0,0,0,0,0,0,1,,,,,,,1,,,0,0,0,0,0,1,,,240,9117,9204,0,0,0,0,0
282,MP5Tiger,MP5Tiger,Equipment,3,82,1,0,0,0,0,0,0,0,0,0,0,0,0,0,1,23,79,92,92,85,,1,,,0,0,0,0,0,1,,,240,9115,9202,0,0,0,0,0
283,Crossbow,Crossbow,Equipment,4,83,1,0,0,0,0,0,0,0,0,0,0,0,0,0,1,42,87,93,89,81,,1,,,0,0,0,0,0,1,,,240,9115,9202,0,0,0,0,0
285,StaminaDrug,StaminaDrug,PeriodicItem,8,0,1,0,0,0,0,0,0,0,0,0,0,0,0,0,1,,,,,,,1,,,0,0,0,0,0,1,,,480,9121,9208,0,0,0,0,0
286,PowerAmplifier,PowerAmplifier,PeriodicItem,8,0,1,0,0,0,0,0,0,0,0,0,0,0,0,0,1,,,,,,,1,,,0,0,0,0,0,1,,,480,9121,9208,0,0,0,0,0
287,ResearchFund,ResearchFund,PeriodicItem,8,0,1,0,0,0,0,0,0,0,0,0,0,0,0,0,1,,,,,,,1,,,0,0,0,0,0,1,,,480,9121,9208,0,0,0,0,0
288,MoneyExtractor,MoneyExtractor,PeriodicItem,8,0,1,0,0,0,0,0,0,0,0,0,0,0,0,0,1,,,,,,,1,,,0,0,0,0,0,1,,,480,9121,9208,0,0,0,0,0
289,TextH01,TextH01,PeriodicItem,8,0,0,0,0,0,0,0,0,0,0,0,0,0,0,0,1,,,,,,,1,,,0,0,0,0,0,0,,,0,0,0,0,0,0,0,0
290,TextH02,TextH02,PeriodicItem,8,0,0,0,0,0,0,0,0,0,0,0,0,0,0,0,1,,,,,,,1,,,0,0,0,0,0,0,,,0,0,0,0,0,0,0,0
291,TextH03,TextH03,PeriodicItem,8,0,0,0,0,0,0,0,0,0,0,0,0,0,0,0,1,,,,,,,1,,,0,0,0,0,0,0,,,0,0,0,0,0,0,0,0
292,TextH04,TextH04,PeriodicItem,8,0,0,0,0,0,0,0,0,0,0,0,0,0,0,0,1,,,,,,,1,,,0,0,0,0,0,0,,,0,0,0,0,0,0,0,0
293,TextL01,TextL01,PeriodicItem,8,0,0,0,0,0,0,0,0,0,0,0,0,0,0,0,1,,,,,,,1,,,0,0,0,0,0,0,,,0,0,0,0,0,0,0,0
294,TextL02,TextL02,PeriodicItem,8,0,0,0,0,0,0,0,0,0,0,0,0,0,0,0,1,,,,,,,1,,,0,0,0,0,0,0,,,0,0,0,0,0,0,0,0
295,TextL03,TextL03,PeriodicItem,8,0,0,0,0,0,0,0,0,0,0,0,0,0,0,0,1,,,,,,,1,,,0,0,0,0,0,0,,,0,0,0,0,0,0,0,0
296,TextL04,TextL04,PeriodicItem,8,0,0,0,0,0,0,0,0,0,0,0,0,0,0,0,1,,,,,,,1,,,0,0,0,0,0,0,,,0,0,0,0,0,0,0,0
297,HeartSpray01,HeartSpray01,PeriodicItem,8,0,1,0,0,0,0,0,0,0,0,0,0,0,0,0,1,,,,,,,1,,,0,0,0,0,0,0,,,480,9121,9208,0,0,0,0,0
298,HeartSpray02,HeartSpray02,PeriodicItem,8,0,1,0,0,0,0,0,0,0,0,0,0,0,0,0,1,,,,,,,1,,,0,0,0,0,0,0,,,480,9121,9208,0,0,0,0,0
299,HeartSpray03,HeartSpray03,PeriodicItem,8,0,1,0,0,0,0,0,0,0,0,0,0,0,0,0,1,,,,,,,1,,,0,0,0,0,0,0,,,480,9121,9208,0,0,0,0,0
300,RoundRetry,RoundRetry,Requirement,9,0,0,0,0,0,0,0,0,0,0,0,0,0,0,0,1,,,,,,,0,,,0,0,0,0,0,1,,,10,9120,0,0,0,0,0,0
301,Fake06Spray,Fake06Spray,PeriodicItem,8,0,1,0,0,0,0,0,0,0,0,0,0,0,0,0,1,,,,,,,1,,,0,0,0,0,0,0,,,480,9121,9208,0,0,0,0,0
302,Fake07Spray,Fake07Spray,PeriodicItem,8,0,1,0,0,0,0,0,0,0,0,0,0,0,0,0,1,,,,,,,1,,,0,0,0,0,0,0,,,480,9121,9208,0,0,0,0,0
303,Fake08Spray,Fake08Spray,PeriodicItem,8,0,1,0,0,0,0,0,0,0,0,0,0,0,0,0,1,,,,,,,1,,,0,0,0,0,0,0,,,480,9121,9208,0,0,0,0,0
304,m14ebr,m14ebr,Equipment,4,87,1,0,0,0,0,0,0,0,0,0,0,0,0,0,1,40,86,76,89,69,,1,,,0,0,0,0,0,1,,,240,9117,9204,8,0,0,0,676
305,Deimos,Deimos,PeriodicItem,8,0,1,0,0,0,0,0,0,0,0,0,0,0,0,0,1,,,,,,,1,,,0,0,0,0,0,1,,,240,9119,9206,0,0,0,0,0
306,DeadlyShot,DeadlyShot,PeriodicItem,8,0,1,0,0,0,0,0,0,0,0,0,0,0,0,0,1,,,,,,,1,,,0,0,0,0,0,1,,,240,9121,9208,0,0,0,0,0
307,DoubleBarrel Shotgun,dbarrel,Equipment,2,90,1,0,0,0,0,0,0,0,0,0,0,0,0,0,1,85,100,12,87,81,,1,,,0,0,0,0,0,1,,,240,9117,9204,0,0,0,0,676
308,InfinitySS,infinityss,Equipment,1,86,1,0,0,0,0,0,0,0,0,0,0,0,0,0,1,35,71,70,83,85,,1,,,0,0,0,0,0,1,,,240,9118,9205,0,0,0,0,676
309,ThompsonGold,thompsongold,Equipment,3,89,1,0,0,0,0,0,0,0,0,0,0,0,0,0,1,28,74,91,91,83,,1,,,0,0,0,0,0,1,,,240,9115,9202,0,0,0,0,0
310,USAS12Army,usas12camo,Equipment,2,88,1,0,0,0,0,0,0,0,0,0,0,0,0,0,1,61,100,48,83,62,,1,,,0,0,0,0,0,1,,,240,9115,9202,0,0,0,0,0
311,CartBlue,cartblue,Equipment,4,91,1,2,0,0,0,0,0,0,0,0,0,0,0,0,1,"23, 39","77, 56","85, 85","91, 95","74, 62",,1,,,0,0,0,0,0,1,,,240,9118,9205,0,0,0,0,0
312,CartRed,cartred,Equipment,4,93,1,1,0,0,0,0,0,0,0,0,0,0,0,0,1,"23, 28","77, 75","85, 84","91, 95","74, 69",,1,,,0,0,0,0,0,1,,,240,9118,9205,0,0,0,0,0
313,CartFrag,cartfrag,Equipment,6,2013,1,0,0,0,0,0,0,0,0,0,0,0,0,0,1,,,,,,,1,,,0,0,0,0,0,1,,,240,9118,9205,0,0,0,0,0
314,scCannon,scCannon,PeriodicItem,8,0,1,0,0,0,0,0,0,0,0,0,0,0,0,0,1,,,,,,,1,,,0,0,0,0,0,1,,,240,9121,9208,0,0,0,0,0
315,scNHawk,scNHawk,PeriodicItem,8,0,1,0,0,0,0,0,0,0,0,0,0,0,0,0,1,,,,,,,1,,,0,0,0,0,0,1,,,240,9121,9208,0,0,0,0,0
316,scVIP,scVIP,Class,7,30,1,2,0,0,0,0,0,0,0,0,0,0,0,0,1,20,25,18,22,19,,1,,,0,0,0,0,0,0,,,240,9118,9205,0,0,0,0,0
317,scJRA,scJRA,Class,7,29,1,1,0,0,0,0,0,0,0,0,0,0,0,0,1,21,17,24,18,24,,1,,,0,0,0,0,0,0,,,240,9118,9205,0,0,0,0,0
318,scCJY,scCJY,Class,7,28,1,2,0,0,0,0,0,0,0,0,0,0,0,0,1,22,16,24,26,16,,1,,,0,0,0,0,0,0,,,240,9118,9205,0,0,0,0,0
319,scYuri,scYuri,Class,7,31,1,1,0,0,0,0,0,0,0,0,0,0,0,0,1,16,26,23,20,19,,1,,,0,0,0,0,0,0,,,240,9118,9205,0,0,0,0,0
320,InfinitySB,infinitysb,Equipment,1,84,2,0,14,0,0,0,0,0,0,0,0,0,0,0,1,38,71,70,81,85,,1,,,0,0,0,0,0,1,,,0,0,0,0,0,0,0,676
321,InfinitySR,infinitysr,Equipment,1,85,1,0,0,0,0,0,0,0,0,0,0,0,0,0,1,33,71,70,85,85,,1,,,0,0,0,0,0,1,,,0,0,0,0,0,0,0,676
322,Kriss,kriss,Equipment,3,95,1,0,0,0,0,0,0,0,0,0,0,0,0,0,1,25,77,86,91,83,,1,,,0,0,0,0,0,1,,,240,9117,9204,0,0,0,0,0
324,StaminaDrugSP,StaminaDrugSP,PeriodicItem,8,0,1,0,0,0,0,0,0,0,0,0,0,0,0,0,1,,,,,,,1,,,0,0,0,0,0,1,,,480,9121,9208,0,0,0,0,0
325,PowerAmplifierSP,PowerAmplifierSP,PeriodicItem,8,0,1,0,0,0,0,0,0,0,0,0,0,0,0,0,1,,,,,,,1,,,0,0,0,0,0,1,,,480,9121,9208,0,0,0,0,0
326,PhobosBlood,PhobosBlood,EventItem,9,0,2,0,0,0,0,0,0,0,0,0,0,0,0,0,1,,,,,,,0,,,0,0,0,0,0,0,,,5,9121,0,0,0,0,0,0
327,SKULL7,m249ex,Equipment,5,96,1,0,0,0,0,0,0,0,0,0,0,0,0,0,1,31,84,80,90,71,,1,,,0,0,0,0,0,1,,,240,9116,9203,0,0,0,0,676
328,CHNGirl01,CHNGirl01,Class,7,33,1,2,0,2,2,5,5,10,10,2,5,5,10,10,1,21,25,20,22,16,,1,,,0,0,0,0,0,0,,,240,9118,9205,0,0,0,0,0
329,JPNGirl01,JPNGirl01,Class,7,32,1,1,0,2,2,5,5,10,10,2,5,5,10,10,1,26,16,19,23,20,,1,,,0,0,0,0,0,0,,,240,9118,9205,0,0,0,0,0
330,WaterPistol,WaterPistol,Equipment,1,97,1,0,0,0,0,0,0,0,0,0,0,0,0,0,1,17,71,100,89,85,,1,,,0,0,0,0,0,1,,,240,9115,9202,0,0,0,0,0
331,CHNGirl01Spray,CHNGirl01Spray,PeriodicItem,8,0,1,0,0,0,0,0,0,0,0,0,0,0,0,0,1,,,,,,,1,,,0,0,0,0,0,0,,,240,9123,9204,0,0,0,0,0
332,JPNGirl01Spray,JPNGirl01Spray,PeriodicItem,8,0,1,0,0,0,0,0,0,0,0,0,0,0,0,0,1,,,,,,,1,,,0,0,0,0,0,0,,,240,9123,9204,0,0,0,0,0
333,ZSNathaLicense,ZSNathaLicense,PeriodicItem,8,0,1,0,0,0,0,0,0,0,0,0,0,0,0,0,1,,,,,,,1,,,0,0,0,0,0,1,,,0,0,0,0,0,0,0,0
334,Sentry,Sentry,Requirement,9,0,0,0,0,0,0,0,0,0,0,0,0,0,0,0,1,,,,,,,0,,,0,0,0,0,0,1,,,10,9121,0,0,0,0,0,0
337,WA2000,wa2000,Equipment,4,98,1,0,0,0,0,0,0,0,0,0,0,0,0,0,1,96,92,45,69,67,,1,,,0,0,0,0,0,1,,,240,9117,9204,8,0,0,0,676
338,BlackBox,BlackBox,EventItem,9,0,2,0,0,0,0,0,0,0,0,0,0,0,0,0,1,,,,,,,0,,,0,0,0,0,0,0,,,5,9121,0,0,0,0,0,0
339,AT4,AT4,Equipment,6,101,1,0,0,0,0,0,0,0,0,0,0,0,0,0,1,96,100,12,0,58,,1,,,0,0,0,0,0,1,,,240,9118,9205,0,0,0,0,676
340,PilotTag,PilotTag,EventItem,9,0,2,0,0,0,0,0,0,0,0,0,0,0,0,0,1,,,,,,,0,,,0,0,0,0,0,0,,,5,9121,0,0,0,0,0,0
341,Gold Luger,lugerg,Equipment,1,99,1,0,0,0,0,0,0,0,0,0,0,0,0,0,1,36,51,70,84,85,,1,,,0,0,0,0,0,1,,,240,9115,9202,0,0,0,0,0
342,TRG-42 WhiteGold,trg42g,Equipment,4,100,1,0,0,0,0,0,0,0,0,0,0,0,0,0,1,100,100,66,27,71,,1,,,0,0,0,0,0,1,,,240,9115,9202,0,0,0,0,0
343,TAR21,TAR21,Equipment,4,102,1,0,0,0,0,0,0,0,0,0,0,0,0,0,1,28,89,83,91,71,,1,,,0,0,0,0,0,1,,,240,9118,9205,0,0,0,0,676
344,Barret M95,M95,Equipment,4,103,1,0,0,0,0,0,0,0,0,0,0,0,0,0,1,100,100,40,24,62,,1,,,0,0,0,0,0,1,,,240,9117,9204,8,0,0,0,676
345,KATANA,katana,PeriodicItem,11,4009,1,0,0,0,0,0,0,0,0,0,0,0,0,0,1,,,,,,,1,,,0,0,0,0,0,1,,,240,9117,9204,0,0,0,0,676
346,MP5 Gold,mp5g,Equipment,3,104,1,0,0,0,0,0,0,0,0,0,0,0,0,0,1,23,79,92,92,85,,1,,,0,0,0,0,0,1,,,240,9115,9202,0,0,0,0,0
347,Dual Kriss,dualkriss,Equipment,3,105,1,0,0,0,0,0,0,0,0,0,0,0,0,0,1,26,76,86,93,78,,1,,,0,0,0,0,0,1,,,480,9121,9208,0,0,0,0,0
348,ItemViewer,ItemViewer,Requirement,9,0,0,0,0,0,0,0,0,0,0,0,0,0,0,0,1,,,,,,,0,,,0,0,0,0,0,0,,,10,9120,0,0,0,0,0,0
349,DroneControler,DroneControler,EventItem,9,0,2,0,0,0,0,0,0,0,0,0,0,0,0,0,1,,,,,,,0,,,0,0,0,0,0,0,,,5,9121,0,0,0,0,0,0
350,StaminaDrugH,StaminaDrugH,PeriodicItem,8,0,1,0,0,0,0,0,0,0,0,0,0,0,0,0,1,,,,,,,1,,,0,0,0,0,0,1,,,480,9121,9208,0,0,0,0,0
351,PowerAmplifierH,PowerAmplifierH,PeriodicItem,8,0,1,0,0,0,0,0,0,0,0,0,0,0,0,0,1,,,,,,,1,,,0,0,0,0,0,1,,,480,9121,9208,0,0,0,0,0
352,ResearchFundH,ResearchFundH,PeriodicItem,8,0,1,0,0,0,0,0,0,0,0,0,0,0,0,0,1,,,,,,,1,,,0,0,0,0,0,1,,,480,9121,9208,0,0,0,0,0
353,MoneyExtractorH,MoneyExtractorH,PeriodicItem,8,0,1,0,0,0,0,0,0,0,0,0,0,0,0,0,1,,,,,,,1,,,0,0,0,0,0,1,,,480,9121,9208,0,0,0,0,0
354,MG3 Gold,mg3g,Equipment,5,109,1,0,0,0,0,0,0,0,0,0,0,0,0,0,1,30,68,78,91,71,,1,,,0,0,0,0,0,1,,,240,9115,9202,8,0,0,0,0
355,M60,m60,Equipment,5,106,1,0,0,0,0,0,0,0,0,0,0,0,0,0,1,31,83,80,90,71,,1,,,0,0,0,0,0,1,,,240,9117,9204,8,0,0,0,676
356,AN94,an94,Equipment,4,107,1,1,18,0,0,0,0,0,0,0,0,0,0,0,1,28,91,91,80,71,,1,,,0,0,0,0,0,1,,,240,9118,9205,0,0,0,0,676
357,M16A4,m16a4,Equipment,4,108,1,2,18,0,0,0,0,0,0,0,0,0,0,0,1,27,90,90,85,71,,1,,,0,0,0,0,0,1,,,240,9118,9205,0,0,0,0,676
358,Deimos2,Deimos2,PeriodicItem,8,0,1,0,0,0,0,0,0,0,0,0,0,0,0,0,1,,,,,,,1,,,0,0,0,0,0,1,,,240,9119,9206,0,0,0,0,0
359,Meleeup,Meleeup,PeriodicItem,8,0,1,0,0,0,0,0,0,0,0,0,0,0,0,0,1,,,,,,,1,,,0,0,0,0,0,1,,,240,9121,9208,0,0,0,0,0
362,SAF,saf,Class,7,34,1,2,0,2,2,20,20,0,0,2,10,10,0,0,1,18,19,26,24,17,,1,,,0,0,0,0,0,0,,,240,9119,9206,0,0,0,0,0
363,SKULL9,skullaxe,PeriodicItem,11,4010,1,0,0,0,0,0,0,0,0,0,0,0,0,0,1,,,,,,,1,,,0,0,0,0,0,1,,,240,9116,9203,0,0,0,0,676
364,P90Lapin,p90lapin,Equipment,3,110,1,0,0,0,0,0,0,0,0,0,0,0,0,0,1,18,69,92,92,83,,1,,,0,0,0,0,0,1,,,480,9121,9208,0,0,0,0,0
365,Gatling,gatling,Equipment,2,111,1,0,0,0,0,0,0,0,0,0,0,0,0,0,1,48,100,58,84,71,,1,,,0,0,0,0,0,1,,,240,9115,9202,0,0,0,0,0
366,RabbitSpray,RabbitSpray,PeriodicItem,8,0,1,0,0,0,0,0,0,0,0,0,0,0,0,0,1,,,,,,,1,,,0,0,0,0,0,0,,,240,9124,9208,0,0,0,0,0
367,SKULL5,skull5,Equipment,4,112,1,0,0,0,0,0,0,0,0,0,0,0,0,0,1,80,64,64,80,65,,1,,,0,0,0,0,0,1,,,240,9116,9203,0,0,0,0,676
368,OberonBone,OberonBone,EventItem,9,0,2,0,0,0,0,0,0,0,0,0,0,0,0,0,1,,,,,,,0,,,0,0,0,0,0,0,,,5,9121,0,0,0,0,0,0
369,OberonDNA,OberonDNA,EventItem,9,0,2,0,0,0,0,0,0,0,0,0,0,0,0,0,1,,,,,,,0,,,0,0,0,0,0,0,,,5,9121,0,0,0,0,0,0
370,Thompson,thompson,Equipment,3,113,1,0,0,0,0,0,0,0,0,0,0,0,0,0,1,28,70,91,91,80,,1,,,0,0,0,0,0,1,,,240,9117,9204,8,0,0,0,676
371,Luger,luger,Equipment,1,114,1,0,0,0,0,0,0,0,0,0,0,0,0,0,1,36,51,70,84,85,,1,,,0,0,0,0,0,1,,,240,9117,9204,0,0,0,0,676
372,MG36,MG36,Equipment,5,115,1,0,0,0,0,0,0,0,0,0,0,0,0,0,1,29,83,81,91,74,,1,,,0,0,0,0,0,1,,,240,9117,9204,0,0,0,0,676
373,Chaos Tattoo,ttChaos,Tattoo,8,0,1,0,0,2,3,5,5,5,5,3,5,5,5,5,1,,,,,,,1,,,0,0,0,0,0,1,,,240,9120,9207,0,0,0,0,0
374,Tiger Tattoo,ttTiger,Tattoo,8,0,1,0,0,2,3,5,5,5,5,3,5,5,5,5,1,,,,,,,1,,,0,0,0,0,0,1,,,240,9119,9206,0,0,0,0,0
375,Dragon Tattoo,ttDragon,Tattoo,8,0,1,0,0,2,3,5,5,5,5,3,5,5,5,5,1,,,,,,,1,,,0,0,0,0,0,1,,,240,9119,9206,0,0,0,0,0
376,HUNTER,hunter,Class,7,41,1,2,0,2,2,10,10,20,20,2,10,10,20,20,1,18,24,19,23,20,,1,,,0,0,0,0,0,0,,,240,9118,9205,0,0,0,0,0
377,SPADE,spade,Class,7,42,1,1,0,2,2,10,10,20,20,2,10,10,20,20,1,17,23,22,16,26,,1,,,0,0,0,0,0,0,,,240,9118,9205,0,0,0,0,0
379,SFGun,sfgun,Equipment,4,116,1,0,0,0,0,0,0,0,0,0,0,0,0,0,1,26,87,86,92,71,,1,,,0,0,0,0,0,1,,,240,9115,9202,0,0,0,0,0
380,Wa2000G,wa2000g,Equipment,4,117,1,0,0,0,0,0,0,0,0,0,0,0,0,0,1,96,92,45,69,67,,1,,,0,0,0,0,0,1,,,240,9115,9202,8,0,0,0,0
381,BossKey,BossKey,PeriodicItem,8,0,1,0,0,0,0,0,0,0,0,0,0,0,0,0,1,,,,,,,1,,,0,0,0,0,0,1,,,480,9121,9208,0,0,0,0,0
382,xm2010,xm2010,Equipment,4,119,1,0,0,0,0,0,0,0,0,0,0,0,0,0,1,100,92,70,27,71,,1,,,0,0,0,0,0,1,,,240,9117,9204,8,0,0,0,676
383,sl8ex,sl8ex,Equipment,4,120,1,0,0,0,0,0,0,0,0,0,0,0,0,0,1,56,64,80,85,67,,1,,,0,0,0,0,0,1,,,480,9121,9208,0,0,0,0,0
384,ksg12,ksg12,Equipment,2,121,1,0,0,0,0,0,0,0,0,0,0,0,0,0,1,70,100,33,58,81,,1,,,0,0,0,0,0,1,,,240,9117,9204,8,0,0,0,676
385,as50,as50,Equipment,4,122,1,0,0,0,0,0,0,0,0,0,0,0,0,0,1,100,69,29,75,65,,1,,,0,0,0,0,0,1,,,240,9117,9204,8,0,0,0,676
386,Bambou Tattoo,ttBambou,Tattoo,8,0,1,0,0,0,0,0,0,0,0,0,0,0,0,0,1,,,,,,,1,,,0,0,0,0,0,1,,,240,9124,9208,0,0,0,0,0
387,Custom Tattoo,ttCustom,Tattoo,8,0,1,0,0,0,0,0,0,0,0,0,0,0,0,0,1,,,,,,,1,,,0,0,0,0,0,1,,,240,9124,9208,0,0,0,0,0
388,chinazombie,chinazombie,PeriodicItem,8,0,1,0,0,0,0,0,0,0,0,0,0,0,0,0,1,,,,,,,1,,,0,0,0,0,0,1,,,480,9121,9208,0,0,0,0,0
389,flamethrower,flamethrower,Equipment,6,118,1,0,0,0,0,0,0,0,0,0,0,0,0,0,1,38,0,100,100,76,,1,,,0,0,0,0,0,1,,,240,9117,9204,0,0,0,0,0
390,witch,witch,PeriodicItem,8,0,1,0,0,0,0,0,0,0,0,0,0,0,0,0,1,,,,,,,1,,,0,0,0,0,0,1,,,240,9119,9206,0,0,0,0,0
391,undertaker,undertaker,PeriodicItem,8,0,1,0,0,0,0,0,0,0,0,0,0,0,0,0,1,,,,,,,1,,,0,0,0,0,0,1,,,240,9119,9206,0,0,0,0,0
392,Fernando,Fernando,Class,7,45,1,2,0,0,0,0,0,0,0,0,0,0,0,0,1,25,22,19,19,19,,1,,,0,0,0,0,0,1,,,240,9119,9206,0,0,0,0,0
393,Blair,Blair,Class,7,46,1,1,0,0,0,0,0,0,0,0,0,0,0,0,1,19,26,22,21,16,,1,,,0,0,0,0,0,1,,,240,9118,9205,0,0,0,0,0
394,holybomb,holybomb,Equipment,6,2014,1,0,0,0,0,0,0,0,0,0,0,0,0,0,1,,,,,,,1,,,0,0,0,0,0,1,,,240,9121,9208,0,0,0,0,0
395,lugerS,lugerS,Equipment,1,124,1,1,0,0,0,0,0,0,0,0,0,0,0,0,1,45,51,70,84,85,,1,,,0,0,0,0,0,1,,,240,9121,9208,0,0,0,0,0
396,CashDecoderA,CashDecoderA,LotteryKeyItem,9,0,2,0,0,0,0,0,0,0,0,0,0,0,0,0,1,,,,,,,0,,DecoderAA,0,0,0,0,0,0,,,0,0,0,0,0,0,0,0
397,m134ex,m134ex,Equipment,5,125,1,0,0,0,0,0,0,0,0,0,0,0,0,0,1,33,58,96,100,49,,1,,,0,0,0,0,0,1,,,480,9121,9208,0,0,0,0,0
398,rainbowgun,rainbowgun,Equipment,2,126,1,0,0,0,0,0,0,0,0,0,0,0,0,0,1,70,100,22,62,76,,1,,,0,0,0,0,0,1,,,240,9115,9202,0,0,0,0,0
399,Musket,Musket,Equipment,1,127,1,0,0,0,0,0,0,0,0,0,0,0,0,0,1,100,83,29,15,85,,1,,,0,0,0,0,0,1,,,240,9115,9202,0,0,0,0,0
400,stg44,stg44,Equipment,4,128,1,0,0,0,0,0,0,0,0,0,0,0,0,0,1,30,85,77,90,71,,1,,,0,0,0,0,0,1,,,240,9117,9204,8,0,0,0,676
405,dragontail,dragontail,Equipment,11,4011,1,0,0,0,0,0,0,0,0,0,0,0,0,0,1,,,,,,,1,,,0,0,0,0,0,1,,,240,9115,9202,0,0,0,0,0
406,HK23Gold,hk23g,Equipment,5,129,1,0,0,0,0,0,0,0,0,0,0,0,0,0,1,27,80,82,90,74,,1,,,0,0,0,0,0,1,,,240,9115,9202,8,0,0,0,0
407,SKULL1,skull1,Equipment,1,130,1,0,0,0,0,0,0,0,0,0,0,0,0,0,1,"47, 30","72, 70","70, 82","84, 88","85, 85",,1,,,0,0,0,0,0,1,,,240,9116,9203,0,0,0,0,676
408,AK47L,AK47L,Equipment,8,50,1,0,0,0,0,0,0,0,0,0,0,0,0,0,1,,,,,,,1,,,0,0,0,0,0,1,,,0,0,0,0,0,0,0,0
409,dionereport1,dionereport1,EventItem,9,0,2,0,0,0,0,0,0,0,0,0,0,0,0,0,1,,,,,,,0,,,0,0,0,0,0,0,,,5,9121,0,0,0,0,0,0
410,dionereport2,dionereport2,EventItem,9,0,2,0,0,0,0,0,0,0,0,0,0,0,0,0,1,,,,,,,0,,,0,0,0,0,0,0,,,5,9121,0,0,0,0,0,0
411,dionereport3,dionereport3,EventItem,9,0,2,0,0,0,0,0,0,0,0,0,0,0,0,0,1,,,,,,,0,,,0,0,0,0,0,0,,,5,9121,0,0,0,0,0,0
412,dionereport4,dionereport4,EventItem,9,0,2,0,0,0,0,0,0,0,0,0,0,0,0,0,1,,,,,,,0,,,0,0,0,0,0,0,,,5,9121,0,0,0,0,0,0
413,qbz95b,qbz95b,Equipment,4,131,1,0,0,0,0,0,0,0,0,0,0,0,0,0,1,26,77,82,91,81,,1,,,0,0,0,0,0,1,,,480,9121,9208,0,0,0,0,676
414,pkm,pkm,Equipment,5,134,1,0,0,0,0,0,0,0,0,0,0,0,0,0,1,30,77,78,90,72,,1,,,0,0,0,0,0,1,,,240,9117,9204,8,0,0,0,676
415,sfsmg,sfsmg,Equipment,3,135,1,0,0,0,0,0,0,0,0,0,0,0,0,0,1,24,83,92,93,90,,1,,,0,0,0,0,0,1,,,240,9115,9202,0,0,0,0,0
416,m79g,m79g,Equipment,1,132,1,0,0,0,0,0,0,0,0,0,0,0,0,0,1,70,100,100,10,85,,1,,,0,0,0,0,0,1,,,240,9115,9202,0,0,0,0,0
417,at4ex,at4ex,Equipment,6,133,1,0,0,0,0,0,0,0,0,0,0,0,0,0,1,100,100,12,0,62,,1,,,0,0,0,0,0,1,,,240,9117,9204,0,0,0,0,676
418,MarineBoy,MarineBoy,Class,7,47,1,2,0,0,0,0,0,0,0,0,0,0,0,0,1,24,22,17,21,20,,1,,,0,0,0,0,0,1,,,240,9118,9205,0,0,0,0,0
419,MarineGirl,MarineGirl,Class,7,48,1,2,0,0,0,0,0,0,0,0,0,0,0,0,1,24,23,18,17,22,,1,,,0,0,0,0,0,1,,,240,9118,9205,0,0,0,0,0
420,m14ebrgold,m14ebrgold,Equipment,4,139,1,0,0,0,0,0,0,0,0,0,0,0,0,0,1,40,86,76,90,71,,1,,,0,0,0,0,0,1,,,240,9115,9202,8,0,0,0,0
421,catapult,catapult,Equipment,1,136,1,0,0,0,0,0,0,0,0,0,0,0,0,0,1,91,81,15,29,85,,1,,,0,0,0,0,0,1,,,240,9115,9202,0,0,0,0,0
422,spas12,spas12,Equipment,2,137,1,0,0,0,0,0,0,0,0,0,0,0,0,0,1,82,100,38,52,76,,1,,,0,0,0,0,0,1,,,240,9117,9204,0,0,0,0,676
423,spas12ex,spas12ex,Equipment,2,138,1,0,0,0,0,0,0,0,0,0,0,0,0,0,1,"82, 60","100, 100","38, 33","52, 72","76, 78 ",,1,,,0,0,0,0,0,1,,,480,9121,9208,0,0,0,0,0
424,M95Xmas,m95xmas,Equipment,4,140,1,0,0,0,0,0,0,0,0,0,0,0,0,0,1,100,100,40,24,62,,1,,,0,0,0,0,0,1,,,240,9117,9204,8,0,0,0,0
425,Natasha2,Natasha2,Class,7,50,1,2,0,0,0,0,0,0,0,0,0,0,0,0,1,21,25,20,22,16,,1,,,0,0,0,0,0,0,,,240,9118,9205,0,0,0,0,0
426,Jennifer2,Jennifer2,Class,7,51,1,1,0,0,0,0,0,0,0,0,0,0,0,0,1,22,26,22,16,18,,1,,,0,0,0,0,0,0,,,240,9118,9205,0,0,0,0,0
427,skull3,skull3,Equipment,3,142,1,0,0,0,0,0,0,0,0,0,0,0,0,0,1,"27,31","82,73","89,76","91,95","83,52",,1,,,0,0,0,0,0,1,,,240,9116,9203,0,0,0,0,676
428,cannon,cannon,Equipment,6,144,1,0,0,0,0,0,0,0,0,0,0,0,0,0,1,100,100,12,0,78,,1,,,0,0,0,0,0,1,,,240,9115,9202,0,0,0,0,0
429,tmpdragon,tmpdragon,Equipment,3,145,1,0,0,0,0,0,0,0,0,0,0,0,0,0,1,17,73,83,92,85,,1,,,0,0,0,0,0,1,,,480,9121,9208,0,0,0,0,0
430,spas12ex2,spas12ex2,Equipment,2,146,1,0,0,0,0,0,0,0,0,0,0,0,0,0,1,"82, 60","100, 100","40, 35","54, 73","78, 78 ",,1,,,0,0,0,0,0,1,,,480,9121,9208,0,0,0,0,0
431,mk48,mk48,Equipment,5,147,1,0,0,0,0,0,0,0,0,0,0,0,0,0,1,33,85,79,87,74,,1,,,0,0,0,0,0,1,,,240,9117,9204,0,0,0,0,676
432,PirateBoy,PirateBoy,Class,7,52,1,1,0,0,0,0,0,0,0,0,0,0,0,0,1,26,20,23,18,17,,1,,,0,0,0,0,0,0,,,240,9118,9205,0,0,0,0,0
433,PirateGirl,PirateGirl,Class,7,53,1,1,0,0,0,0,0,0,0,0,0,0,0,0,1,17,25,21,19,22,,1,,,0,0,0,0,0,0,,,240,9118,9205,0,0,0,0,0
434,stg44g,stg44g,Equipment,4,151,1,0,0,0,0,0,0,0,0,0,0,0,0,0,1,30,85,77,90,73,,1,,,0,0,0,0,0,1,,,240,9115,9202,8,0,0,0,0
435,sfmg,sfmg,Equipment,5,150,1,0,0,0,0,0,0,0,0,0,0,0,0,0,1,"32,29","82,81","78,79","89,92","74,74",,1,,,0,0,0,0,0,1,,,240,9115,9202,0,0,0,0,0
436,tomahawk,tomahawk,PeriodicItem,11,4013,1,0,0,0,0,0,0,0,0,0,0,0,0,0,1,,,,,,,1,,,0,0,0,0,0,1,,,240,9117,9204,0,0,0,0,676
437,skull11,skull11,Equipment,2,152,1,0,0,0,0,0,0,0,0,0,0,0,0,0,1,56,100,46,81,65,,1,,,0,0,0,0,0,1,,,240,9116,9203,0,0,0,0,676
438,MP7A1_D,MP7A1_D,Equipment,8,48,1,0,0,0,0,0,0,0,0,0,0,0,0,0,1,,,,,,,1,,,0,0,0,0,0,1,,,0,0,0,0,0,0,0,0
439,BigHeadEvent,BigHeadEvent,PeriodicItem,8,0,1,0,0,0,0,0,0,0,0,0,0,0,0,0,1,,,,,,,1,,,0,0,0,0,0,1,,,480,9121,9208,0,0,0,0,0
440,firecracker,firecracker,Equipment,1,153,1,0,0,0,0,0,0,0,0,0,0,0,0,0,1,70,100,100,10,85,,1,,,0,0,0,0,0,1,,,240,9115,9202,0,0,0,0,0
441,ksg12g,ksg12g,Equipment,2,149,1,0,0,0,0,0,0,0,0,0,0,0,0,0,1,70,100,33,58,83,,1,,,0,0,0,0,0,1,,,240,9115,9202,8,0,0,0,0
442,m82,m82,Equipment,4,148,1,0,0,0,0,0,0,0,0,0,0,0,0,0,1,99,94,58,21,76,,1,,,0,0,0,0,0,1,,,240,9117,9204,8,0,0,0,676
443,FNC,fnc,Equipment,4,160,1,1,33,0,0,0,0,0,0,0,0,0,0,0,1,27,80,84,91,76,,1,,,0,0,0,0,0,1,,,240,9118,9205,0,0,0,0,676
444,L85A2,l85a2,Equipment,4,161,1,2,33,0,0,0,0,0,0,0,0,0,0,0,1,26,89,82,91,76,,1,,,0,0,0,0,0,1,,,240,9118,9205,0,0,0,0,676
445,automag,automag,Equipment,1,162,1,0,48,0,0,0,0,0,0,0,0,0,0,0,1,47,52,67,80,85,,1,,,0,0,0,0,0,1,,,240,9118,9205,0,0,0,0,676
446,AKM,akm,Equipment,4,163,1,1,54,0,0,0,0,0,0,0,0,0,0,0,1,30,85,81,91,74,,1,,,0,0,0,0,0,1,,,240,9118,9205,0,0,0,0,676
447,HK416,hk416,Equipment,4,165,1,2,54,0,0,0,0,0,0,0,0,0,0,0,1,28,90,94,91,76,,1,,,0,0,0,0,0,1,,,240,9118,9205,0,0,0,0,676
448,AW50,aw50,Equipment,4,166,1,0,60,0,0,0,0,0,0,0,0,0,0,0,1,100,100,48,24,62,,1,,,0,0,0,0,0,1,,,240,9118,9205,0,0,0,0,676
449,BlaserR93,blaser93,Equipment,4,167,1,0,66,0,0,0,0,0,0,0,0,0,0,0,1,100,99,63,29,69,,1,,,0,0,0,0,0,1,,,240,9118,9205,0,0,0,0,676
450,glockred,glockred,Equipment,1,158,1,0,0,0,0,0,0,0,0,0,0,0,0,0,1,23,67,100,86,85,,1,,,0,0,0,0,0,1,,,480,9121,9208,0,0,0,0,0
451,uspred,uspred,Equipment,1,159,1,0,0,0,0,0,0,0,0,0,0,0,0,0,1,30,72,70,85,85,,1,,,0,0,0,0,0,1,,,480,9121,9208,0,0,0,0,0
452,xm1014red,xm1014red,Equipment,2,156,1,0,0,0,0,0,0,0,0,0,0,0,0,0,1,57,100,48,76,81,,1,,,0,0,0,0,0,1,,,480,9121,9208,0,0,0,0,0
453,deaglered,deaglered,Equipment,1,157,1,0,0,0,0,0,0,0,0,0,0,0,0,0,1,48,45,70,81,85,,1,,,0,0,0,0,0,1,,,480,9121,9208,0,0,0,0,0
454,scoutred,scoutred,Equipment,4,164,1,0,0,0,0,0,0,0,0,0,0,0,0,0,1,66,88,70,36,90,,1,,,0,0,0,0,0,1,,,480,9121,9208,0,0,0,0,0
455,gdmweaponlistcash,gdmweaponlistcash,PeriodicItem,8,0,1,0,0,0,0,0,0,0,0,0,0,0,0,0,1,,,,,,,1,,,0,0,0,0,0,1,,,240,9120,9207,0,0,0,0,0
457,ethereal,ethereal,Equipment,4,169,1,0,0,0,0,0,0,0,0,0,0,0,0,0,1,26,91,89,91,78,,1,,,0,0,0,0,0,1,,,240,9115,9202,0,0,0,0,0
458,violingun,violingun,Equipment,4,168,1,0,0,0,0,0,0,0,0,0,0,0,0,0,1,31,86,79,91,76,,1,,,0,0,0,0,0,1,,,240,9115,9202,0,0,0,0,0
459,boomerzombi,boomerzombi,PeriodicItem,8,0,1,0,0,0,0,0,0,0,0,0,0,0,0,0,1,,,,,,,1,,,0,0,0,0,0,1,,,240,9119,9206,0,0,0,0,0
460,residentzombi,residentzombi,PeriodicItem,8,0,1,0,0,0,0,0,0,0,0,0,0,0,0,0,1,,,,,,,1,,,0,0,0,0,0,1,,,240,9119,9206,0,0,0,0,0
461,poisongun,poisongun,Equipment,6,171,1,0,0,0,0,0,0,0,0,0,0,0,0,0,1,,,,,,,1,,,0,0,0,0,0,1,,,0,0,0,0,0,0,0,0
462,NataKnifeD,nataknifed,PeriodicItem,11,4014,1,0,0,0,0,0,0,0,0,0,0,0,0,0,1,,,,,,,1,,,0,0,0,0,0,1,,,0,0,0,0,0,0,0,0
463,M32,m32,Equipment,6,170,1,0,0,0,0,0,0,0,0,0,0,0,0,0,1,80,91,32,61,74,,1,,,0,0,0,0,0,1,,,240,9117,9204,0,0,0,0,676
464,weaknessreport,weaknessreport,PeriodicItem,8,0,1,0,0,0,0,0,0,0,0,0,0,0,0,0,1,,,,,,,1,,,0,0,0,0,0,1,,,480,9121,9208,0,0,0,0,0
465,weaknessreport2,weaknessreport2,PeriodicItem,8,0,1,0,0,0,0,0,0,0,0,0,0,0,0,0,1,,,,,,,1,,,0,0,0,0,0,1,,,480,9121,9208,0,0,0,0,0
466,balrog7,balrog7,Equipment,5,172,1,0,0,0,0,0,0,0,0,0,0,0,0,0,1,31,84,81,90,69,,1,,,0,0,0,0,0,1,,,240,9116,9203,0,0,0,0,676
467,lightzg,lightzg,Equipment,4,175,1,0,0,0,0,0,0,0,0,0,0,0,0,0,1,27,91,82,91,80,,1,,,0,0,0,0,0,1,,,480,9121,9208,0,0,0,0,676
468,heavyzg,heavyzg,Equipment,4,176,1,0,0,0,0,0,0,0,0,0,0,0,0,0,1,30,84,81,91,79,,1,,,0,0,0,0,0,1,,,480,9121,9208,0,0,0,0,676
469,kingcobra,kingcobra,Equipment,1,173,1,0,0,0,0,0,0,0,0,0,0,0,0,0,1,"45,56","58,90","70,70","69,45","85,79",,1,,,0,0,0,0,0,1,,,240,9117,9204,8,0,0,0,676
470,BossKey2,BossKey2,PeriodicItem,8,0,1,0,0,0,0,0,0,0,0,0,0,0,0,0,1,,,,,,,1,,,0,0,0,0,0,1,,,480,9121,9208,0,0,0,0,0
471,coscathead,coscathead,HeadCostume,12,0,1,0,0,0,0,0,0,0,0,0,0,0,0,0,8,,,,,,,1,,,0,0,0,0,0,1,,,480,9120,9207,0,0,0,0,0
472,coscatback,coscatback,BackCostume,12,0,1,0,0,0,0,0,0,0,0,0,0,0,0,0,8,,,,,,,1,,,0,0,0,0,0,1,,,240,9119,9206,0,0,0,0,0
473,coscatpelvis,coscatpelvis,PelvisCostume,12,0,1,0,0,0,0,0,0,0,0,0,0,0,0,0,8,,,,,,,1,,,0,0,0,0,0,1,,,480,9120,9207,0,0,0,0,0
474,coscatface,coscatface,FaceCostume,12,0,1,0,0,0,0,0,0,0,0,0,0,0,0,0,8,,,,,,,1,,,0,0,0,0,0,1,,,0,0,0,0,0,0,0,0
475,cosangelhead,cosangelhead,HeadCostume,12,0,1,0,0,0,0,0,0,0,0,0,0,0,0,0,8,,,,,,,1,,,0,0,0,0,0,1,,,480,9120,9207,0,0,0,0,0
476,cosangelback,cosangelback,BackCostume,12,0,1,0,0,0,0,0,0,0,0,0,0,0,0,0,8,,,,,,,1,,,0,0,0,0,0,1,,,480,9120,9207,0,0,0,0,0
477,cosdevilhead,cosdevilhead,HeadCostume,12,0,1,0,0,0,0,0,0,0,0,0,0,0,0,0,8,,,,,,,1,,,0,0,0,0,0,1,,,480,9120,9207,0,0,0,0,0
478,cosdevilback,cosdevilback,BackCostume,12,0,1,0,0,0,0,0,0,0,0,0,0,0,0,0,8,,,,,,,1,,,0,0,0,0,0,1,,,480,9120,9207,0,0,0,0,0
479,cosdevilpelvis,cosdevilpelvis,PelvisCostume,12,0,1,0,0,0,0,0,0,0,0,0,0,0,0,0,8,,,,,,,1,,,0,0,0,0,0,1,,,480,9120,9207,0,0,0,0,0
480,katanad,katanad,Equipment,11,4015,1,0,0,0,0,0,0,0,0,0,0,0,0,0,1,,,,,,,1,,,0,0,0,0,0,1,,,480,9121,9208,0,0,0,0,0
482,balrog5,balrog5,Equipment,4,177,1,0,0,0,0,0,0,0,0,0,0,0,0,0,1,30,88,81,90,76,,1,,,0,0,0,0,0,1,,,240,9116,9203,0,0,0,0,676
483,dragonsword,dragonsword,Equipment,11,4016,1,0,0,0,0,0,0,0,0,0,0,0,0,0,1,,,,,,,1,,,0,0,0,0,0,1,,,240,9115,9202,0,0,0,0,0
484,as50g,as50g,Equipment,4,179,1,0,0,0,0,0,0,0,0,0,0,0,0,0,1,100,69,29,75,67,,1,,,0,0,0,0,0,1,,,240,9115,9202,8,0,0,0,0
485,secretreport1,secretreport1,EventItem,9,0,2,0,0,0,0,0,0,0,0,0,0,0,0,0,1,,,,,,,0,,,0,0,0,0,0,0,,,5,9121,0,0,0,0,0,0
486,M16A1,m16a1,Equipment,4,174,1,2,14,0,0,0,0,0,0,0,0,0,0,0,1,"30,32","81,85","85,89","91,82","74,74",,1,,,0,0,0,0,0,1,,,240,9118,9205,0,0,0,0,676
487,oicw,oicw,Equipment,4,183,1,0,0,0,0,0,0,0,0,0,0,0,0,0,1,31,88,93,91,76,,1,,,0,0,0,0,0,1,,,240,9115,9202,0,0,0,0,0
488,m60g,m60g,Equipment,5,180,1,0,0,0,0,0,0,0,0,0,0,0,0,0,1,31,83,80,90,72,,1,,,0,0,0,0,0,1,,,240,9115,9202,8,0,0,0,0
489,coshalloweenhead,coshalloweenhead,HeadCostume,12,0,1,0,0,0,0,0,0,0,0,0,0,0,0,0,8,,,,,,,1,,,0,0,0,0,0,1,,,480,9121,9208,0,0,0,0,0
490,coshalloweenback,coshalloweenback,BackCostume,12,0,1,0,0,0,0,0,0,0,0,0,0,0,0,0,8,,,,,,,1,,,0,0,0,0,0,1,,,480,9121,9208,0,0,0,0,0
491,ak47red,ak47red,Equipment,4,184,1,1,0,0,0,0,0,0,0,0,0,0,0,0,1,31,83,79,91,72,,1,,,0,0,0,0,0,1,,,480,9121,9208,0,0,0,0,0
492,m4a1red,m4a1red,Equipment,4,185,1,2,0,0,0,0,0,0,0,0,0,0,0,0,1,29,88,92,91,76,,1,,,0,0,0,0,0,1,,,480,9121,9208,0,0,0,0,0
493,uts15,uts15,Equipment,2,186,1,0,0,0,0,0,0,0,0,0,0,0,0,0,1,70,100,48,75,82,,1,,,0,0,0,0,0,1,,,240,9117,9204,8,0,0,0,676
494,cosclockback,cosclockback,BackCostume,12,0,1,0,0,0,0,0,0,0,0,0,0,0,0,0,8,,,,,,,1,,,0,0,0,0,0,1,,,300,9124,9208,0,0,0,0,0
495,Sfsniper,sfsniper,Equipment,4,181,1,0,0,0,0,0,0,0,0,0,0,0,0,0,1,100,100,70,0,58,,1,,,0,0,0,0,0,1,,,240,9115,9202,0,0,0,0,0
496,DoubleBarrel gold,dbarrelg,Equipment,2,182,1,0,0,0,0,0,0,0,0,0,0,0,0,0,1,85,100,12,87,82,,1,,,0,0,0,0,0,1,,,240,9115,9202,0,0,0,0,0
497,m249ep,m249ep,Equipment,5,187,1,0,0,0,0,0,0,0,0,0,0,0,0,0,1,29,78,79,90,71,,1,,,0,0,0,0,0,1,,,480,9121,9208,0,0,0,0,676
498,wcg12spray,wcg12spray,PeriodicItem,8,0,1,0,0,0,0,0,0,0,0,0,0,0,0,0,1,,,,,,,1,,,0,0,0,0,0,0,,,240,9124,9208,0,0,0,0,0
503,mg36xmas,mg36xmas,Equipment,5,188,1,0,0,0,0,0,0,0,0,0,0,0,0,0,1,29,83,81,91,74,,1,,,0,0,0,0,0,1,,,240,9117,9204,0,0,0,0,0
504,balrog9,balrog9,Equipment,11,4017,1,0,0,0,0,0,0,0,0,0,0,0,0,0,1,,,,,,,1,,,0,0,0,0,0,1,,,240,9116,9203,0,0,0,0,676
505,cossnowhead,cossnowhead,HeadCostume,12,0,1,0,0,0,0,0,0,0,0,0,0,0,0,0,8,,,,,,,1,,,0,0,0,0,0,1,,,480,9121,9208,0,0,0,0,0
506,cossnowback,cossnowback,BackCostume,12,0,1,0,0,0,0,0,0,0,0,0,0,0,0,0,8,,,,,,,1,,,0,0,0,0,0,1,,,480,9121,9208,0,0,0,0,0
507,secretreport2,secretreport2,EventItem,9,0,2,0,0,0,0,0,0,0,0,0,0,0,0,0,1,,,,,,,0,,,0,0,0,0,0,0,,,5,9121,0,0,0,0,0,0
508,XmasHat,XmasHat,HeadCostume,12,0,1,0,0,0,0,0,0,0,0,0,0,0,0,0,8,,,,,,,1,,,0,0,0,0,0,1,,,480,9121,9208,0,0,0,0,0
509,g11,g11,Equipment,4,189,1,0,0,0,0,0,0,0,0,0,0,0,0,0,1,25,86,85,92,74,,1,,,0,0,0,0,0,1,,,240,9117,9204,8,0,0,0,676
510,yuri2,yuri2,Class,7,58,1,1,0,2,2,5,5,10,10,2,5,5,10,10,1,16,26,23,20,19,,1,,,0,0,0,0,0,0,,,240,9118,9205,0,0,0,0,0
511,alice2,alice2,Class,7,59,1,2,0,2,2,5,5,10,10,2,5,5,10,10,1,22,18,19,26,19,,1,,,0,0,0,0,0,0,,,240,9118,9205,0,0,0,0,0
512,cosalice2head,cosalice2head,HeadCostume,12,0,1,0,0,0,0,0,0,0,0,0,0,0,0,0,8,,,,,,,1,,,0,0,0,0,0,1,,,480,9121,9208,0,0,0,0,0
513,shelteraxe,shelteraxe,Equipment,11,4018,1,0,0,0,0,0,0,0,0,0,0,0,0,0,1,,,,,,,1,,,0,0,0,0,0,1,,,0,0,0,0,0,0,0,0
514,secretreport3,secretreport3,EventItem,9,0,2,0,0,0,0,0,0,0,0,0,0,0,0,0,1,,,,,,,0,,,0,0,0,0,0,0,,,5,9121,0,0,0,0,0,0
515,cosgoldhead,cosgoldhead,HeadCostume,12,0,1,0,0,0,0,0,0,0,0,0,0,0,0,0,8,,,,,,,1,,,0,0,0,0,0,1,,,240,9117,9204,0,0,0,0,0
516,cosgoldback,cosgoldback,BackCostume,12,0,1,0,0,0,0,0,0,0,0,0,0,0,0,0,8,,,,,,,1,,,0,0,0,0,0,1,,,240,9117,9204,0,0,0,0,0
517,balrog1,balrog1,Equipment,1,191,1,0,0,0,0,0,0,0,0,0,0,0,0,0,1,41,71,70,82,85,,1,,,0,0,0,0,0,1,,,240,9116,9203,0,0,0,0,676
518,chainsaw,chainsaw,Equipment,6,193,1,0,0,0,0,0,0,0,0,0,0,0,0,0,1,35,100,25,100,90,,1,,,0,0,0,0,0,1,,,120,9122,9202,0,0,0,0,0
523,tbarrel,tbarrel,Equipment,2,192,1,0,0,0,0,0,0,0,0,0,0,0,0,0,1,85,100,12,87,81,,1,,,0,0,0,0,0,1,,,480,9121,9208,0,0,0,0,0
524,cosspeed1,cosspeed1,ZombieSkinCostume,12,0,1,0,0,0,0,0,0,0,0,0,0,0,0,0,8,,,,,,,1,,,0,0,0,0,0,1,,,240,9119,9206,0,163,0,0,0
525,k3,k3,Equipment,5,197,1,0,0,0,0,0,0,0,0,0,0,0,0,0,1,25,82,73,90,78,,1,,,0,0,0,0,0,1,,,0,0,0,0,0,0,0,0
526,cospighead,cospighead,HeadCostume,12,0,1,0,0,0,0,0,0,0,0,0,0,0,0,0,8,,,,,,,1,,,0,0,0,0,0,1,,,300,9124,9208,0,0,0,0,0
527,cospigback,cospigback,BackCostume,12,0,1,0,0,0,0,0,0,0,0,0,0,0,0,0,8,,,,,,,1,,,0,0,0,0,0,1,,,300,9124,9208,0,0,0,0,0
528,cospigpelvis,cospigpelvis,PelvisCostume,12,0,1,0,0,0,0,0,0,0,0,0,0,0,0,0,8,,,,,,,1,,,0,0,0,0,0,1,,,300,9124,9208,0,0,0,0,0
529,cospigface,cospigface,FaceCostume,12,0,1,0,0,0,0,0,0,0,0,0,0,0,0,0,8,,,,,,,1,,,0,0,0,0,0,1,,,0,0,0,0,0,0,0,0
530,fglauncher,fglauncher,Equipment,6,196,1,0,0,0,0,0,0,0,0,0,0,0,0,0,1,80,91,32,61,74,,1,,,0,0,0,0,0,1,,,240,9115,9202,0,0,0,0,0
531,mg36g,mg36g,Equipment,5,198,1,0,0,0,0,0,0,0,0,0,0,0,0,0,1,29,83,81,91,75,,1,,,0,0,0,0,0,1,,,240,9115,9202,0,0,0,0,0
532,balrog3,balrog3,Equipment,3,195,1,0,0,0,0,0,0,0,0,0,0,0,0,0,1,24,79,90,93,85,,1,,,0,0,0,0,0,1,,,240,9116,9203,0,0,0,0,676
533,CashDecoderB,CashDecoderB,LotteryKeyItem,9,0,2,0,0,0,0,0,0,0,0,0,0,0,0,0,1,,,,,,,0,,DecoderB,0,0,0,0,0,0,,,0,0,0,0,0,0,0,0
534,Fake09Spray,Fake09Spray,PeriodicItem,8,0,1,0,0,0,0,0,0,0,0,0,0,0,0,0,1,,,,,,,1,,,0,0,0,0,0,0,,,480,9121,9208,0,0,0,0,0
535,Fake10Spray,Fake10Spray,PeriodicItem,8,0,1,0,0,0,0,0,0,0,0,0,0,0,0,0,1,,,,,,,1,,,0,0,0,0,0,0,,,480,9121,9208,0,0,0,0,0
536,Fake11Spray,Fake11Spray,PeriodicItem,8,0,1,0,0,0,0,0,0,0,0,0,0,0,0,0,1,,,,,,,1,,,0,0,0,0,0,0,,,480,9121,9208,0,0,0,0,0
538,Skull4,Skull4,Equipment,4,201,1,0,0,0,0,0,0,0,0,0,0,0,0,0,1,63,62,67,82,73,,1,,,0,0,0,0,0,1,,,240,9116,9203,0,0,0,0,676
540,ZSOriginLicense,ZSOriginLicense,PeriodicItem,8,0,1,0,0,0,0,0,0,0,0,0,0,0,0,0,1,,,,,,,1,,,0,0,0,0,0,1,,,0,0,0,0,0,0,0,0
541,cospandahead,cospandahead,HeadCostume,12,0,1,0,0,0,0,0,0,0,0,0,0,0,0,0,8,,,,,,,1,,,0,0,0,0,0,1,,,300,9124,9208,0,0,0,0,0
542,cospandaback,cospandaback,BackCostume,12,0,1,0,0,0,0,0,0,0,0,0,0,0,0,0,8,,,,,,,1,,,0,0,0,0,0,1,,,300,9124,9208,0,0,0,0,0
543,cospandapelvis,cospandapelvis,PelvisCostume,12,0,1,0,0,0,0,0,0,0,0,0,0,0,0,0,8,,,,,,,1,,,0,0,0,0,0,1,,,300,9124,9208,0,0,0,0,0
544,cospandaface,cospandaface,FaceCostume,12,0,1,0,0,0,0,0,0,0,0,0,0,0,0,0,8,,,,,,,1,,,0,0,0,0,0,1,,,0,0,0,0,0,0,0,0
546,secretreport4,secretreport4,EventItem,9,0,2,0,0,0,0,0,0,0,0,0,0,0,0,0,1,,,,,,,0,,,0,0,0,0,0,0,,,5,9121,0,0,0,0,0,0
547,weaknessreport3,weaknessreport3,PeriodicItem,8,0,1,0,0,0,0,0,0,0,0,0,0,0,0,0,1,,,,,,,1,,,0,0,0,0,0,1,,,480,9121,9208,0,0,0,0,0
548,coilgun,coilgun,Equipment,3,200,1,0,0,0,0,0,0,0,0,0,0,0,0,0,1,29,88,83,85,81,,1,,,0,0,0,0,0,1,,,240,9115,9202,0,0,0,0,0
549,kingcobrag,kingcobrag,Equipment,1,202,1,0,0,0,0,0,0,0,0,0,0,0,0,0,1,"45,56","58,90","70,70","70,46","85,79",,1,,,0,0,0,0,0,1,,,240,9115,9202,8,0,0,0,0
550,coscartbluehead,coscartbluehead,HeadCostume,12,0,1,0,0,0,0,0,0,0,0,0,0,0,0,0,8,,,,,,,1,,,0,0,0,0,0,1,,,300,9124,9208,0,0,0,0,0
551,coscartredhead,coscartredhead,HeadCostume,12,0,1,0,0,0,0,0,0,0,0,0,0,0,0,0,8,,,,,,,1,,,0,0,0,0,0,1,,,300,9124,9208,0,0,0,0,0
552,EventCashDecoderA,EventCashDecoderA,LotteryKeyItem,9,0,2,0,0,0,0,0,0,0,0,0,0,0,0,0,1,,,,,,,0,,EventDecoderAA,0,0,0,0,0,0,,,0,0,0,0,0,0,0,0
553,ak74u,ak74u,Equipment,4,204,1,1,14,0,0,0,0,0,0,0,0,0,0,0,1,29,81,78,92,76,,1,,,0,0,0,0,0,1,,,240,9118,9205,0,0,0,0,676
554,balrog11,balrog11,Equipment,2,203,1,0,0,0,0,0,0,0,0,0,0,0,0,0,1,52,100,48,82,81,,1,,,0,0,0,0,0,1,,,240,9116,9203,0,0,0,0,676
555,EventCashDecoder,EventCashDecoder,LotteryKeyItem,9,0,2,0,0,0,0,0,0,0,0,0,0,0,0,0,1,,,,,,,0,,EventDecoderA,0,0,0,0,0,0,,,0,0,0,0,0,0,0,0
556,watercannon,watercannon,Equipment,6,209,1,0,0,0,0,0,0,0,0,0,0,0,0,0,1,21,0,100,100,76,,1,,,0,0,0,0,0,1,,,240,9117,9204,0,0,0,0,0
557,cossquirrelhead,cossquirrelhead,HeadCostume,12,0,1,0,0,0,0,0,0,0,0,0,0,0,0,0,8,,,,,,,1,,,0,0,0,0,0,1,,,480,9121,9208,0,0,0,0,0
558,cossquirrelback,cossquirrelback,BackCostume,12,0,1,0,0,0,0,0,0,0,0,0,0,0,0,0,8,,,,,,,1,,,0,0,0,0,0,1,,,240,9119,9206,0,0,0,0,0
559,cossquirrelpelvis,cossquirrelpelvis,PelvisCostume,12,0,1,0,0,0,0,0,0,0,0,0,0,0,0,0,8,,,,,,,1,,,0,0,0,0,0,1,,,480,9121,9208,0,0,0,0,0
560,cossquirrelface,cossquirrelface,FaceCostume,12,0,1,0,0,0,0,0,0,0,0,0,0,0,0,0,8,,,,,,,1,,,0,0,0,0,0,1,,,0,0,0,0,0,0,0,0
561,AWP-Z,zgun,Equipment,4,206,1,0,0,0,0,0,0,0,0,0,0,0,0,0,1,100,100,70,26,67,,1,,,0,0,0,0,0,1,,,240,9117,9204,0,0,0,0,676
562,skull8,skull8,Equipment,5,205,1,0,0,0,0,0,0,0,0,0,0,0,0,0,1,30,86,77,90,76,,1,,,0,0,0,0,0,1,,,240,9116,9203,0,0,0,0,676
563,psg1,psg1,Equipment,4,208,1,0,0,0,0,0,0,0,0,0,0,0,0,0,1,98,98,44,65,71,,1,,,0,0,0,0,0,1,,,480,9121,9208,0,0,0,0,0
564,plasmagun,plasmagun,Equipment,4,207,1,0,0,0,0,0,0,0,0,0,0,0,0,0,1,43,85,81,88,71,,1,,,0,0,0,0,0,1,,,240,9115,9202,0,0,0,0,0
565,sfsword,sfsword,Equipment,11,4020,1,0,0,0,0,0,0,0,0,0,0,0,0,0,1,,,,,,,1,,,0,0,0,0,0,1,,,240,9115,9202,0,0,0,0,0
566,bhdagger,bhdagger,Equipment,11,4021,1,0,0,0,0,0,0,0,0,0,0,0,0,0,1,,,,,,,1,,,0,0,0,0,0,1,,,480,9121,9208,0,0,0,0,0
567,bgalil,bgalil,Equipment,4,210,1,1,0,0,0,0,0,0,0,0,0,0,0,0,1,27,79,81,91,81,,1,,,0,0,0,0,0,1,,,480,9121,9208,0,0,0,0,0
568,bfamas,bfamas,Equipment,4,211,1,2,0,0,0,0,0,0,0,0,0,0,0,0,1,27,90,80,91,81,,1,,,0,0,0,0,0,1,,,480,9121,9208,0,0,0,0,0
569,bqbb95,bqbb95,Equipment,5,212,1,0,0,0,0,0,0,0,0,0,0,0,0,0,1,26,78,76,90,74,,1,,,0,0,0,0,0,1,,,480,9121,9208,0,0,0,0,0
570,bglock18,bglock18,Equipment,1,213,1,0,0,0,0,0,0,0,0,0,0,0,0,0,1,"23,18","66,41","100,78","86,92","85,85",,1,,,0,0,0,0,0,1,,,480,9121,9208,0,0,0,0,0
571,busp45,busp45,Equipment,1,214,1,0,0,0,0,0,0,0,0,0,0,0,0,0,1,35,68,60,85,85,,1,,,0,0,0,0,0,1,,,480,9121,9208,0,0,0,0,0
572,bmp5,bmp5,Equipment,3,215,1,0,0,0,0,0,0,0,0,0,0,0,0,0,1,24,69,86,91,85,,1,,,0,0,0,0,0,1,,,480,9121,9208,0,0,0,0,0
573,beast-snowman,beast-snowman,Equipment,4,4022,1,0,0,0,0,0,0,0,0,0,0,0,0,0,1,,,,,,,1,,,0,0,0,0,0,1,,,0,0,0,0,0,0,0,0
574,cospolarbearhead,cospolarbearhead,HeadCostume,12,0,1,0,0,0,0,0,0,0,0,0,0,0,0,0,8,,,,,,,1,,,0,0,0,0,0,1,,,480,9121,9208,0,0,0,0,0
575,cospolarbearback,cospolarbearback,BackCostume,12,0,1,0,0,0,0,0,0,0,0,0,0,0,0,0,8,,,,,,,1,,,0,0,0,0,0,1,,,480,9121,9208,0,0,0,0,0
576,EventCashDecoderB,EventCashDecoderB,LotteryKeyItem,9,0,2,0,0,0,0,0,0,0,0,0,0,0,0,0,1,,,,,,,0,,EventDecoderB,0,0,0,0,0,0,,,0,0,0,0,0,0,0,0
577,skull6,skull6,Equipment,5,216,1,0,0,0,0,0,0,0,0,0,0,0,0,0,1,34,87,76,89,71,,1,,,0,0,0,0,0,1,,,240,9116,9203,0,0,0,0,676
578,frozenterrorsmane,frozenterrorsmane,EventItem,9,0,2,0,0,0,0,0,0,0,0,0,0,0,0,0,1,,,,,,,0,,,0,0,0,0,0,0,,,5,9121,0,0,0,0,0,0
579,tknife,tknife,Equipment,1,218,1,0,0,0,0,0,0,0,0,0,0,0,0,0,1,70,100,100,52,85,,1,,,0,0,0,0,0,1,,,240,9117,9204,0,0,0,0,676
580,tknifeex,tknifeex,Equipment,1,219,1,0,0,0,0,0,0,0,0,0,0,0,0,0,1,65,100,100,52,85,,1,,,0,0,0,0,0,1,,,480,9121,9208,0,0,0,0,0
581,tknifeex2,tknifeex2,Equipment,1,220,1,0,0,0,0,0,0,0,0,0,0,0,0,0,1,61,100,100,52,85,,1,,,0,0,0,0,0,1,,,480,9121,9208,0,0,0,0,0
583,uts15g,uts15g,Equipment,2,217,1,0,0,0,0,0,0,0,0,0,0,0,0,0,1,70,100,48,75,84,,1,,,0,0,0,0,0,1,,,240,9115,9202,8,0,0,0,0
585,arx160,arx160,Equipment,4,222,1,0,0,0,0,0,0,0,0,0,0,0,0,0,1,27,88,85,91,76,,1,,,0,0,0,0,0,1,,,240,9117,9204,8,0,0,0,676
587,janusmk5,janusmk5,Equipment,4,223,1,0,0,0,0,0,0,0,0,0,0,0,0,0,1,"28,56","90,95","94,91","91,99","76,76",,1,,,0,0,0,0,0,1,,,240,9116,9203,0,0,0,0,0
588,groza,groza,Equipment,4,229,1,0,0,0,0,0,0,0,0,0,0,0,0,0,1,35,79,77,90,81,,1,,,0,0,0,0,0,1,,,240,9117,9204,0,0,0,0,676
589,drillgun,drillgun,Equipment,6,225,1,0,0,0,0,0,0,0,0,0,0,0,0,0,1,100,100,12,0,69,,1,,,0,0,0,0,0,1,,,240,9115,9202,0,0,0,0,0
590,g11g,g11g,Equipment,4,226,1,0,0,0,0,0,0,0,0,0,0,0,0,0,1,27,88,85,91,76,,1,,,0,0,0,0,0,1,,,240,9115,9202,8,0,0,0,0
594,BossKey3,BossKey3,PeriodicItem,8,0,1,0,0,0,0,0,0,0,0,0,0,0,0,0,1,,,,,,,1,,,0,0,0,0,0,1,,,480,9121,9208,0,0,0,0,0
599,wc13spray,wc13spray,PeriodicItem,8,0,1,0,0,0,0,0,0,0,0,0,0,0,0,0,1,,,,,,,1,,,0,0,0,0,0,0,,,0,0,0,0,0,0,0,0
602,pkmg,pkmg,Equipment,5,231,1,0,0,0,0,0,0,0,0,0,0,0,0,0,1,30,77,78,90,72,,1,,,0,0,0,0,0,1,,,240,9115,9202,8,0,0,0,0
603,ranktier1spray,ranktier1spray,PeriodicItem,8,0,1,0,0,0,0,0,0,0,0,0,0,0,0,0,1,,,,,,,1,,,0,0,0,0,0,0,,,480,9121,9208,0,0,0,0,0
604,ranktier2spray,ranktier2spray,PeriodicItem,8,0,1,0,0,0,0,0,0,0,0,0,0,0,0,0,1,,,,,,,1,,,0,0,0,0,0,0,,,480,9121,9208,0,0,0,0,0
605,ranktier3spray,ranktier3spray,PeriodicItem,8,0,1,0,0,0,0,0,0,0,0,0,0,0,0,0,1,,,,,,,1,,,0,0,0,0,0,0,,,480,9121,9208,0,0,0,0,0
606,ranktier4spray,ranktier4spray,PeriodicItem,8,0,1,0,0,0,0,0,0,0,0,0,0,0,0,0,1,,,,,,,1,,,0,0,0,0,0,0,,,480,9121,9208,0,0,0,0,0
607,ranktier5spray,ranktier5spray,PeriodicItem,8,0,1,0,0,0,0,0,0,0,0,0,0,0,0,0,1,,,,,,,1,,,0,0,0,0,0,0,,,480,9121,9208,0,0,0,0,0
608,m2,m2,Equipment,5,230,1,0,0,0,0,0,0,0,0,0,0,0,0,0,1,"35,30","48,84","30,88","81,90","46,0",,1,,,0,0,0,0,0,1,,,480,9121,9208,8,0,0,0,676
609,speargun,speargun,Equipment,6,233,1,0,0,0,0,0,0,0,0,0,0,0,0,0,1,100,100,16,0,67,,1,,,0,0,0,0,0,1,,,120,9122,9202,0,0,0,0,0
612,cosoberonhead,cosoberonhead,HeadCostume,12,0,1,0,0,0,0,0,0,0,0,0,0,0,0,0,8,,,,,,,1,,,0,0,0,0,0,1,,,480,9120,9207,0,0,0,0,0
613,cosoberonbombhead,cosoberonbombhead,HeadCostume,12,0,1,0,0,0,0,0,0,0,0,0,0,0,0,0,8,,,,,,,1,,,0,0,0,0,0,1,,,480,9120,9207,0,0,0,0,0
614,cosangraback,cosangraback,BackCostume,12,0,1,0,0,0,0,0,0,0,0,0,0,0,0,0,8,,,,,,,1,,,0,0,0,0,0,1,,,480,9120,9207,0,0,0,0,0
615,ttpoisonfire,ttpoisonfire,Tattoo,8,0,1,0,0,2,0,0,0,0,0,0,0,0,0,0,1,,,,,,,1,,,0,0,0,0,0,1,,,240,9120,9207,0,0,0,0,0
616,costitanback,costitanback,BackCostume,12,0,1,0,0,0,0,0,0,0,0,0,0,0,0,0,8,,,,,,,1,,,0,0,0,0,0,1,,,480,9120,9207,0,0,0,0,0
617,coskrakenback,coskrakenback,BackCostume,12,0,1,0,0,0,0,0,0,0,0,0,0,0,0,0,8,,,,,,,1,,,0,0,0,0,0,1,,,480,9120,9207,0,0,0,0,0
618,cosfrozenwrathback,cosfrozenwrathback,BackCostume,12,0,1,0,0,0,0,0,0,0,0,0,0,0,0,0,8,,,,,,,1,,,0,0,0,0,0,1,,,480,9120,9207,0,0,0,0,0
619,ttsnow,ttsnow,Tattoo,8,0,1,0,0,2,0,0,0,0,0,0,0,0,0,0,1,,,,,,,1,,,0,0,0,0,0,1,,,240,9120,9207,0,0,0,0,0
620,highhealthup,highhealthup,PeriodicItem,8,0,1,0,0,0,0,0,0,0,0,0,0,0,0,0,1,,,,,,,1,,,0,0,0,0,0,1,,,480,9121,9208,0,0,0,0,0
621,midhealthup,midhealthup,PeriodicItem,8,0,1,0,0,0,0,0,0,0,0,0,0,0,0,0,1,,,,,,,1,,,0,0,0,0,0,1,,,480,9121,9208,0,0,0,0,0
622,lowhelathup,lowhelathup,PeriodicItem,8,0,1,0,0,0,0,0,0,0,0,0,0,0,0,0,1,,,,,,,1,,,0,0,0,0,0,1,,,480,9121,9208,0,0,0,0,0
623,highdamageup,highdamageup,PeriodicItem,8,0,1,0,0,0,0,0,0,0,0,0,0,0,0,0,1,,,,,,,1,,,0,0,0,0,0,1,,,480,9121,9208,0,0,0,0,0
624,middamageup,middamageup,PeriodicItem,8,0,1,0,0,0,0,0,0,0,0,0,0,0,0,0,1,,,,,,,1,,,0,0,0,0,0,1,,,480,9121,9208,0,0,0,0,0
625,lowdamageup,lowdamageup,PeriodicItem,8,0,1,0,0,0,0,0,0,0,0,0,0,0,0,0,1,,,,,,,1,,,0,0,0,0,0,1,,,480,9121,9208,0,0,0,0,0
626,higharmorup,higharmorup,PeriodicItem,8,0,1,0,0,0,0,0,0,0,0,0,0,0,0,0,1,,,,,,,1,,,0,0,0,0,0,1,,,480,9121,9208,0,0,0,0,0
627,midarmorup,midarmorup,PeriodicItem,8,0,1,0,0,0,0,0,0,0,0,0,0,0,0,0,1,,,,,,,1,,,0,0,0,0,0,1,,,480,9121,9208,0,0,0,0,0
628,lowarmorup,lowarmorup,PeriodicItem,8,0,1,0,0,0,0,0,0,0,0,0,0,0,0,0,1,,,,,,,1,,,0,0,0,0,0,1,,,480,9121,9208,0,0,0,0,0
629,highspeedup,highspeedup,PeriodicItem,8,0,1,0,0,0,0,0,0,0,0,0,0,0,0,0,1,,,,,,,1,,,0,0,0,0,0,1,,,480,9121,9208,0,0,0,0,0
630,midspeedup,midspeedup,PeriodicItem,8,0,1,0,0,0,0,0,0,0,0,0,0,0,0,0,1,,,,,,,1,,,0,0,0,0,0,1,,,480,9121,9208,0,0,0,0,0
631,lowspeedup,lowspeedup,PeriodicItem,8,0,1,0,0,0,0,0,0,0,0,0,0,0,0,0,1,,,,,,,1,,,0,0,0,0,0,1,,,480,9121,9208,0,0,0,0,0
632,highmagazineup,highmagazineup,PeriodicItem,8,0,1,0,0,0,0,0,0,0,0,0,0,0,0,0,1,,,,,,,1,,,0,0,0,0,0,1,,,480,9121,9208,0,0,0,0,0
633,midmagazineup,midmagazineup,PeriodicItem,8,0,1,0,0,0,0,0,0,0,0,0,0,0,0,0,1,,,,,,,1,,,0,0,0,0,0,1,,,480,9121,9208,0,0,0,0,0
634,lowmagazineup,lowmagazineup,PeriodicItem,8,0,1,0,0,0,0,0,0,0,0,0,0,0,0,0,1,,,,,,,1,,,0,0,0,0,0,1,,,480,9121,9208,0,0,0,0,0
635,highweaknessreport,highweaknessreport,PeriodicItem,8,0,1,0,0,0,0,0,0,0,0,0,0,0,0,0,1,,,,,,,1,,,0,0,0,0,0,1,,,480,9121,9208,0,0,0,0,0
636,midweaknessreport,midweaknessreport,PeriodicItem,8,0,1,0,0,0,0,0,0,0,0,0,0,0,0,0,1,,,,,,,1,,,0,0,0,0,0,1,,,480,9121,9208,0,0,0,0,0
637,lowweaknessreport,lowweaknessreport,PeriodicItem,8,0,1,0,0,0,0,0,0,0,0,0,0,0,0,0,1,,,,,,,1,,,0,0,0,0,0,1,,,480,9121,9208,0,0,0,0,0
638,levelupamplifier,levelupamplifier,PeriodicItem,8,0,1,0,0,0,0,0,0,0,0,0,0,0,0,0,1,,,,,,,1,,,0,0,0,0,0,1,,,480,9121,9208,0,0,0,0,0
639,highzsbox1,highzsbox1,EventItem,9,0,2,0,0,0,0,0,0,0,0,0,0,0,0,0,1,,,,,,,0,,,0,0,0,0,0,0,,,5,9121,0,0,0,0,0,0
640,highzsbox2,highzsbox2,EventItem,9,0,2,0,0,0,0,0,0,0,0,0,0,0,0,0,1,,,,,,,0,,,0,0,0,0,0,0,,,5,9121,0,0,0,0,0,0
641,highzsbox3,highzsbox3,EventItem,9,0,2,0,0,0,0,0,0,0,0,0,0,0,0,0,1,,,,,,,0,,,0,0,0,0,0,0,,,5,9121,0,0,0,0,0,0
642,highzsbox4,highzsbox4,EventItem,9,0,2,0,0,0,0,0,0,0,0,0,0,0,0,0,1,,,,,,,0,,,0,0,0,0,0,0,,,5,9121,0,0,0,0,0,0
643,midzsbox1,midzsbox1,EventItem,9,0,2,0,0,0,0,0,0,0,0,0,0,0,0,0,1,,,,,,,0,,,0,0,0,0,0,0,,,5,9121,0,0,0,0,0,0
644,midzsbox2,midzsbox2,EventItem,9,0,2,0,0,0,0,0,0,0,0,0,0,0,0,0,1,,,,,,,0,,,0,0,0,0,0,0,,,5,9121,0,0,0,0,0,0
645,midzsbox3,midzsbox3,EventItem,9,0,2,0,0,0,0,0,0,0,0,0,0,0,0,0,1,,,,,,,0,,,0,0,0,0,0,0,,,5,9121,0,0,0,0,0,0
646,midzsbox4,midzsbox4,EventItem,9,0,2,0,0,0,0,0,0,0,0,0,0,0,0,0,1,,,,,,,0,,,0,0,0,0,0,0,,,5,9121,0,0,0,0,0,0
647,lowzsbox1,lowzsbox1,EventItem,9,0,2,0,0,0,0,0,0,0,0,0,0,0,0,0,1,,,,,,,0,,,0,0,0,0,0,0,,,5,9121,0,0,0,0,0,0
648,lowzsbox2,lowzsbox2,EventItem,9,0,2,0,0,0,0,0,0,0,0,0,0,0,0,0,1,,,,,,,0,,,0,0,0,0,0,0,,,5,9121,0,0,0,0,0,0
649,lowzsbox3,lowzsbox3,EventItem,9,0,2,0,0,0,0,0,0,0,0,0,0,0,0,0,1,,,,,,,0,,,0,0,0,0,0,0,,,5,9121,0,0,0,0,0,0
650,lowzsbox4,lowzsbox4,EventItem,9,0,2,0,0,0,0,0,0,0,0,0,0,0,0,0,1,,,,,,,0,,,0,0,0,0,0,0,,,5,9121,0,0,0,0,0,0
651,cosarmband01,cosarmband01,ArmCostume,12,0,1,0,0,2,3,15,15,15,15,3,15,15,15,15,8,,,,,,,1,,,0,0,0,0,0,1,,,0,0,0,0,0,0,0,0
652,cosarmband02,cosarmband02,ArmCostume,12,0,1,0,0,2,3,13,13,13,13,3,13,13,13,13,8,,,,,,,1,,,0,0,0,0,0,1,,,0,0,0,0,0,0,0,0
653,cosarmband03,cosarmband03,ArmCostume,12,0,1,0,0,2,3,11,11,11,11,3,11,11,11,11,8,,,,,,,1,,,0,0,0,0,0,1,,,0,0,0,0,0,0,0,0
654,cosarmband04,cosarmband04,ArmCostume,12,0,1,0,0,2,3,10,10,10,10,3,10,10,10,10,8,,,,,,,1,,,0,0,0,0,0,1,,,0,0,0,0,0,0,0,0
655,cosarmband05,cosarmband05,ArmCostume,12,0,1,0,0,2,3,9,9,9,9,3,9,9,9,9,8,,,,,,,1,,,0,0,0,0,0,1,,,0,0,0,0,0,0,0,0
656,cosarmband06,cosarmband06,ArmCostume,12,0,1,0,0,2,3,8,8,8,8,3,7,7,7,7,8,,,,,,,1,,,0,0,0,0,0,1,,,0,0,0,0,0,0,0,0
657,cosarmband07,cosarmband07,ArmCostume,12,0,1,0,0,2,3,7,7,7,7,3,7,7,7,7,8,,,,,,,1,,,0,0,0,0,0,1,,,0,0,0,0,0,0,0,0
658,cosarmband08,cosarmband08,ArmCostume,12,0,1,0,0,2,3,7,7,7,7,3,6,6,6,6,8,,,,,,,1,,,0,0,0,0,0,1,,,0,0,0,0,0,0,0,0
659,cosarmband09,cosarmband09,ArmCostume,12,0,1,0,0,2,3,6,6,6,6,3,6,6,6,6,8,,,,,,,1,,,0,0,0,0,0,1,,,0,0,0,0,0,0,0,0
660,cosarmband10,cosarmband10,ArmCostume,12,0,1,0,0,2,3,6,6,6,6,3,5,5,5,5,8,,,,,,,1,,,0,0,0,0,0,1,,,0,0,0,0,0,0,0,0
661,cosarmband11,cosarmband11,ArmCostume,12,0,1,0,0,2,3,5,5,5,5,3,5,5,5,5,8,,,,,,,1,,,0,0,0,0,0,1,,,0,0,0,0,0,0,0,0
662,cosarmband12,cosarmband12,ArmCostume,12,0,1,0,0,2,3,5,5,5,5,3,4,4,4,4,8,,,,,,,1,,,0,0,0,0,0,1,,,0,0,0,0,0,0,0,0
663,cosarmband13,cosarmband13,ArmCostume,12,0,1,0,0,2,3,4,4,4,4,3,4,4,4,4,8,,,,,,,1,,,0,0,0,0,0,1,,,0,0,0,0,0,0,0,0
664,cosarmband14,cosarmband14,ArmCostume,12,0,1,0,0,2,3,4,4,4,4,3,3,3,3,3,8,,,,,,,1,,,0,0,0,0,0,1,,,0,0,0,0,0,0,0,0
665,cosarmband15,cosarmband15,ArmCostume,12,0,1,0,0,2,3,3,3,3,3,3,3,3,3,3,8,,,,,,,1,,,0,0,0,0,0,1,,,0,0,0,0,0,0,0,0
666,cosarmband16,cosarmband16,ArmCostume,12,0,1,0,0,2,3,3,3,3,3,3,0,0,0,0,8,,,,,,,1,,,0,0,0,0,0,1,,,0,0,0,0,0,0,0,0
667,cosarmband17,cosarmband17,ArmCostume,12,0,1,0,0,2,3,0,0,0,0,3,0,0,0,0,8,,,,,,,1,,,0,0,0,0,0,1,,,0,0,0,0,0,0,0,0
668,choijiyoon2,choijiyoon2,Class,7,64,1,2,0,2,2,5,5,10,10,2,5,5,10,10,1,20,20,24,24,16,,1,,,0,0,0,0,0,0,,,240,9118,9205,0,0,0,0,0
669,pirategirl2,pirategirl2,Class,7,65,1,1,0,2,2,5,5,10,10,2,5,5,10,10,1,16,26,18,20,24,,1,,,0,0,0,0,0,0,,,240,9118,9205,0,0,0,0,0
670,zsh_machete,zsh_machete,Equipment,11,4024,1,0,0,0,0,0,0,0,0,0,0,0,0,0,1,,,,,,,1,,,0,0,0,0,0,1,,,0,0,0,0,0,0,0,0
671,zsh_crowbar,zsh_crowbar,Equipment,11,4025,1,0,0,0,0,0,0,0,0,0,0,0,0,0,1,,,,,,,1,,,0,0,0,0,0,1,,,0,0,0,0,0,0,0,0
672,zsh_clawhammer,zsh_clawhammer,Equipment,11,4026,1,0,0,0,0,0,0,0,0,0,0,0,0,0,1,,,,,,,1,,,0,0,0,0,0,1,,,0,0,0,0,0,0,0,0
674,z4_humpback,z4_humpback,PeriodicItem,8,0,1,0,0,0,0,0,0,0,0,0,0,0,0,0,1,,,,,,,1,,,0,0,0,0,0,1,,,240,9119,9206,0,0,0,0,0
675,z4_hide,z4_hide,PeriodicItem,8,0,1,0,0,0,0,0,0,0,0,0,0,0,0,0,1,,,,,,,1,,,0,0,0,0,0,1,,,240,9119,9206,0,0,0,0,0
676,itemextend,itemextend,ItemExtend,8,0,0,0,0,0,0,0,0,0,0,0,0,0,0,0,1,,,,,,,0,,,0,0,0,0,0,0,,,0,0,0,0,0,0,0,0
677,sfpistol,sfpistol,Equipment,1,235,1,0,0,0,0,0,0,0,0,0,0,0,0,0,1,18,100,100,100,85,,1,,,0,0,0,0,0,1,,,240,9115,9202,0,0,0,0,0
678,idolgirl,idolgirl,Class,7,66,1,1,0,2,2,10,10,20,20,2,10,10,20,20,1,26,20,20,23,20,,1,,,0,0,0,0,0,0,,,240,9118,9205,0,0,0,0,0
693,scgoblin,scgoblin,PeriodicItem,8,0,1,0,0,0,0,0,0,0,0,0,0,0,0,0,1,,,,,,,1,,,0,0,0,0,0,1,,,0,0,0,0,0,0,0,0
694,scsummon,scsummon,PeriodicItem,8,0,1,0,0,0,0,0,0,0,0,0,0,0,0,0,1,,,,,,,1,,,0,0,0,0,0,1,,,0,0,0,0,0,0,0,0
695,sctwister,sctwister,PeriodicItem,8,0,1,0,0,0,0,0,0,0,0,0,0,0,0,0,1,,,,,,,1,,,0,0,0,0,0,1,,,0,0,0,0,0,0,0,0
989,eventjoker,eventjoker,EventItem,9,0,1,0,0,0,0,0,0,0,0,0,0,0,0,0,1,,,,,,,0,,,0,0,0,0,0,0,,,0,0,0,0,0,0,0,0
995,BingoReset,BingoReset,EventItem,9,0,1,0,0,0,0,0,0,0,0,0,0,0,0,0,1,,,,,,,0,,,0,0,0,0,0,0,,,0,0,0,0,0,0,0,0
996,BingoShuffle,BingoShuffle,EventItem,9,0,1,0,0,0,0,0,0,0,0,0,0,0,0,0,1,,,,,,,0,,,0,0,0,0,0,0,,,0,0,0,0,0,0,0,0
997,RedKit,RedKit,PeriodicItem,9,0,0,0,0,0,0,0,0,0,0,0,0,0,0,0,1,,,,,,,1,,,0,0,0,0,0,0,,,0,0,0,0,0,0,0,0
998,BlackKit,BlackKit,PeriodicItem,9,0,0,0,0,0,0,0,0,0,0,0,0,0,0,0,1,,,,,,,1,,,0,0,0,0,0,0,,,0,0,0,0,0,0,0,0
1001,LevelGiftBox1,LevelGiftBox1,RewardItem,9,0,2,0,0,0,0,0,0,0,0,0,0,0,0,0,1,,,,,,,0,,,0,0,0,0,1001,0,,,0,0,0,0,0,0,0,0
1002,LevelGiftBox2,LevelGiftBox2,RewardItem,9,0,2,0,3,0,0,0,0,0,0,0,0,0,0,0,1,,,,,,,0,,,0,0,0,0,1002,0,,,0,0,0,0,0,0,0,0
1003,LevelGiftBox3,LevelGiftBox3,RewardItem,9,0,2,0,5,0,0,0,0,0,0,0,0,0,0,0,1,,,,,,,0,,,0,0,0,0,1003,0,,,0,0,0,0,0,0,0,0
1004,LevelGiftBox4,LevelGiftBox4,RewardItem,9,0,2,0,10,0,0,0,0,0,0,0,0,0,0,0,1,,,,,,,0,,,0,0,0,0,1004,0,,,0,0,0,0,0,0,0,0
1005,LevelGiftBox5,LevelGiftBox5,RewardItem,9,0,2,0,15,0,0,0,0,0,0,0,0,0,0,0,1,,,,,,,0,,,0,0,0,0,1005,0,,,0,0,0,0,0,0,0,0
1006,LevelGiftBox6,LevelGiftBox6,RewardItem,9,0,2,0,20,0,0,0,0,0,0,0,0,0,0,0,1,,,,,,,0,,,0,0,0,0,1006,0,,,0,0,0,0,0,0,0,0
1007,LevelGiftBox7,LevelGiftBox7,RewardItem,9,0,2,0,25,0,0,0,0,0,0,0,0,0,0,0,1,,,,,,,0,,,0,0,0,0,1007,0,,,0,0,0,0,0,0,0,0
1008,LevelGiftBox8,LevelGiftBox8,RewardItem,9,0,2,0,30,0,0,0,0,0,0,0,0,0,0,0,1,,,,,,,0,,,0,0,0,0,1008,0,,,0,0,0,0,0,0,0,0
1009,ConfidentialTrunk,ConfidentialTrunk,RewardItem,9,0,2,0,0,0,0,0,0,0,0,0,0,0,0,0,1,,,,,,,0,,,0,0,0,0,1009,0,,,0,0,0,0,0,0,0,0
1011,ReturnUserBox,ReturnUserBox,RewardItem,9,0,2,0,0,0,0,0,0,0,0,0,0,0,0,0,1,,,,,,,0,,,0,0,0,0,1011,0,,,0,0,0,0,0,0,0,0
1015,ConfidentialTrunkH,ConfidentialTrunkH,RewardItem,9,0,2,0,0,0,0,0,0,0,0,0,0,0,0,0,1,,,,,,,0,,,0,0,0,0,1015,0,,,0,0,0,0,0,0,0,0
1016,LevelGiftBox9,LevelGiftBox9,RewardItem,9,0,2,0,35,0,0,0,0,0,0,0,0,0,0,0,1,,,,,,,0,,,0,0,0,0,1016,0,,,0,0,0,0,0,0,0,0
1017,LevelGiftBox10,LevelGiftBox10,RewardItem,9,0,2,0,40,0,0,0,0,0,0,0,0,0,0,0,1,,,,,,,0,,,0,0,0,0,1017,0,,,0,0,0,0,0,0,0,0
1018,LevelGiftBox11,LevelGiftBox11,RewardItem,9,0,2,0,45,0,0,0,0,0,0,0,0,0,0,0,1,,,,,,,0,,,0,0,0,0,1018,0,,,0,0,0,0,0,0,0,0
1019,LevelGiftBox12,LevelGiftBox12,RewardItem,9,0,2,0,50,0,0,0,0,0,0,0,0,0,0,0,1,,,,,,,0,,,0,0,0,0,1019,0,,,0,0,0,0,0,0,0,0
1020,LevelGiftBox13,LevelGiftBox13,RewardItem,9,0,2,0,55,0,0,0,0,0,0,0,0,0,0,0,1,,,,,,,0,,,0,0,0,0,1020,0,,,0,0,0,0,0,0,0,0
1021,LevelGiftBox14,LevelGiftBox14,RewardItem,9,0,2,0,60,0,0,0,0,0,0,0,0,0,0,0,1,,,,,,,0,,,0,0,0,0,1021,0,,,0,0,0,0,0,0,0,0
1022,LevelGiftBox15,LevelGiftBox15,RewardItem,9,0,2,0,65,0,0,0,0,0,0,0,0,0,0,0,1,,,,,,,0,,,0,0,0,0,1022,0,,,0,0,0,0,0,0,0,0
1023,LevelGiftBox16,LevelGiftBox16,RewardItem,9,0,2,0,70,0,0,0,0,0,0,0,0,0,0,0,1,,,,,,,0,,,0,0,0,0,1023,0,,,0,0,0,0,0,0,0,0
1024,LevelGiftBox17,LevelGiftBox17,RewardItem,9,0,2,0,72,0,0,0,0,0,0,0,0,0,0,0,1,,,,,,,0,,,0,0,0,0,1024,0,,,0,0,0,0,0,0,0,0
1026,LuckyBag2011,LuckyBag2011,RewardItem,9,0,2,0,0,0,0,0,0,0,0,0,0,0,0,0,1,,,,,,,0,,,0,0,0,0,1026,0,,,0,0,0,0,0,0,0,0
1027,ExpCoupon1,ExpCoupon1,RewardItem,9,0,2,0,0,0,0,0,0,0,0,0,0,0,0,0,1,,,,,,,0,,,0,0,0,0,1027,0,,,0,0,0,0,0,0,0,0
1028,ExpCoupon2,ExpCoupon2,RewardItem,9,0,2,0,0,0,0,0,0,0,0,0,0,0,0,0,1,,,,,,,0,,,0,0,0,0,1028,0,,,0,0,0,0,0,0,0,0
1029,ExpCoupon3,ExpCoupon3,RewardItem,9,0,2,0,0,0,0,0,0,0,0,0,0,0,0,0,1,,,,,,,0,,,0,0,0,0,1029,0,,,0,0,0,0,0,0,0,0
1030,PntCoupon1,PntCoupon1,RewardItem,9,0,2,0,0,0,0,0,0,0,0,0,0,0,0,0,1,,,,,,,0,,,0,0,0,0,1030,0,,,0,0,0,0,0,0,0,0
1031,PntCoupon2,PntCoupon2,RewardItem,9,0,2,0,0,0,0,0,0,0,0,0,0,0,0,0,1,,,,,,,0,,,0,0,0,0,1031,0,,,0,0,0,0,0,0,0,0
1032,PntCoupon3,PntCoupon3,RewardItem,9,0,2,0,0,0,0,0,0,0,0,0,0,0,0,0,1,,,,,,,0,,,0,0,0,0,1032,0,,,0,0,0,0,0,0,0,0
1033,NorPlanCoupon,NorPlanCoupon,RewardItem,9,0,2,0,0,0,0,0,0,0,0,0,0,0,0,0,1,,,,,,,0,,,0,0,0,0,1033,0,,,0,0,0,0,0,0,0,0
1034,AdvPlanCoupon,AdvPlanCoupon,RewardItem,9,0,2,0,0,0,0,0,0,0,0,0,0,0,0,0,1,,,,,,,0,,,0,0,0,0,1034,0,,,0,0,0,0,0,0,0,0
1035,DragonBox,DragonBox,RewardItem,9,0,2,0,0,0,0,0,0,0,0,0,0,0,0,0,1,,,,,,,0,,,0,0,0,0,1042,0,,,0,0,0,0,0,0,0,0
1036,ConfidentialTrunk2,ConfidentialTrunk2,RewardItem,9,0,2,0,0,0,0,0,0,0,0,0,0,0,0,0,1,,,,,,,0,,,0,0,0,0,1036,0,,,0,0,0,0,0,0,0,0
1038,ConfidentialTrunk3,ConfidentialTrunk3,RewardItem,9,0,2,0,0,0,0,0,0,0,0,0,0,0,0,0,1,,,,,,,0,,,0,0,0,0,1043,0,,,0,0,0,0,0,0,0,0
1039,highzsbox,highzsbox,RewardItem,9,0,2,0,0,0,0,0,0,0,0,0,0,0,0,0,1,,,,,,,0,,,0,0,0,0,1044,0,,,0,0,0,0,0,0,0,0
1040,midzsbox,midzsbox,RewardItem,9,0,2,0,0,0,0,0,0,0,0,0,0,0,0,0,1,,,,,,,0,,,0,0,0,0,1045,0,,,0,0,0,0,0,0,0,0
1041,lowzsbox,lowzsbox,RewardItem,9,0,2,0,0,0,0,0,0,0,0,0,0,0,0,0,1,,,,,,,0,,,0,0,0,0,1046,0,,,0,0,0,0,0,0,0,0
2001,SilverBell,SilverBell,RewardItem,9,0,2,0,0,0,0,0,0,0,0,0,0,0,0,0,1,,,,,,,0,,,0,0,0,0,2001,0,,,0,0,0,0,0,0,0,0
2002,newyearbox,newyearbox,RewardItem,9,0,2,0,0,0,0,0,0,0,0,0,0,0,0,0,1,,,,,,,0,,,0,0,0,0,2002,0,,,0,0,0,0,0,0,0,0
2003,secretbox,secretbox,RewardItem,9,0,2,0,0,0,0,0,0,0,0,0,0,0,0,0,1,,,,,,,0,,,0,0,0,0,2003,0,,,0,0,0,0,0,0,0,0
2004,BOSSGIFT,BOSSGIFT,RewardItem,9,0,2,0,0,0,0,0,0,0,0,0,0,0,0,0,1,,,,,,,0,,,0,0,0,0,2004,0,,,0,0,0,0,0,0,0,0
2005,QuestEventBox,QuestEventBox,RewardItem,9,0,2,0,0,0,0,0,0,0,0,0,0,0,0,0,1,,,,,,,0,,,0,0,0,0,2005,0,,,0,0,0,0,0,0,0,0
2010,GoldenBell,GoldenBell,RewardItem,9,0,2,0,0,0,0,0,0,0,0,0,0,0,0,0,1,,,,,,,0,,,0,0,0,0,2010,0,,,0,0,0,0,0,0,0,0
2013,LuckyBag2013,LuckyBag2013,RewardItem,9,0,2,0,0,0,0,0,0,0,0,0,0,0,0,0,1,,,,,,,0,,,0,0,0,0,2001,0,,,0,0,0,0,0,0,0,0
2021,ZBox,ZBox,RewardItem,9,0,2,0,0,0,0,0,0,0,0,0,0,0,0,0,1,,,,,,,0,,,0,0,0,0,2021,0,,,0,0,0,0,0,0,0,0
2023,GrowItem1,GrowItem1,EventItem,8,0,5,0,0,0,0,0,0,0,0,0,0,0,0,0,1,,,,,,,1,,,0,0,0,0,2023,0,,,0,0,0,0,0,0,0,0
2024,GrowItem2,GrowItem2,EventItem,8,0,5,0,0,0,0,0,0,0,0,0,0,0,0,0,1,,,,,,,1,,,0,0,0,0,2024,0,,,0,0,0,0,0,0,0,0
2025,GrowItem3,GrowItem3,EventItem,8,0,2,0,0,0,0,0,0,0,0,0,0,0,0,0,1,,,,,,,1,,,0,0,0,0,2025,0,,,0,0,0,0,0,0,0,0
2026,FrozenSummer1,FrozenSummer1,EventItem,9,0,5,0,0,0,0,0,0,0,0,0,0,0,0,0,1,,,,,,,1,,,0,0,0,0,2029,0,,,0,0,0,0,0,0,0,0
2027,FrozenSummer2,FrozenSummer2,EventItem,9,0,5,0,0,0,0,0,0,0,0,0,0,0,0,0,1,,,,,,,1,,,0,0,0,0,2030,0,,,0,0,0,0,0,0,0,0
2028,FrozenSummer3,FrozenSummer3,EventItem,9,0,5,0,0,0,0,0,0,0,0,0,0,0,0,0,1,,,,,,,1,,,0,0,0,0,2031,0,,,0,0,0,0,0,0,0,0
2029,FrozenSummer1,FrozenSummer1,EventItem,9,0,5,0,0,0,0,0,0,0,0,0,0,0,0,0,1,,,,,,,1,,,0,0,0,0,2014,0,,,0,0,0,0,0,0,0,0
2030,FrozenSummer2,FrozenSummer2,EventItem,9,0,5,0,0,0,0,0,0,0,0,0,0,0,0,0,1,,,,,,,1,,,0,0,0,0,2015,0,,,0,0,0,0,0,0,0,0
2031,FrozenSummer3,FrozenSummer3,EventItem,9,0,5,0,0,0,0,0,0,0,0,0,0,0,0,0,1,,,,,,,1,,,0,0,0,0,2016,0,,,0,0,0,0,0,0,0,0
2032,BBox,BBox,RewardItem,9,0,2,0,0,0,0,0,0,0,0,0,0,0,0,0,1,,,,,,,0,,,0,0,0,0,2035,0,,,0,0,0,0,0,0,0,0
2033,Z4Box,Z4Box,EventItem,9,0,2,0,0,0,0,0,0,0,0,0,0,0,0,0,1,,,,,,,0,,,0,0,0,0,0,0,,,0,0,0,0,0,0,0,0
2034,Z4BoxKey,Z4BoxKey,EventItem,9,0,2,0,0,0,0,0,0,0,0,0,0,0,0,0,1,,,,,,,0,,,0,0,0,0,2036,0,,,0,0,0,0,0,0,0,0
2045,silvercookie,silvercookie,RewardItem,8,0,2,0,0,0,0,0,0,0,0,0,0,0,0,0,1,,,,,,,0,,,0,0,0,0,2045,0,,,0,0,0,0,0,0,0,0
2046,goldencookie,goldencookie,RewardItem,8,0,2,0,0,0,0,0,0,0,0,0,0,0,0,0,1,,,,,,,0,,,0,0,0,0,2046,0,,,0,0,0,0,0,0,0,0
5001,FabPlanNorPT,FabPlanNorPT,FabPlanItem,8,0,0,0,0,0,0,0,0,0,0,0,0,0,0,0,3,,,,,,,0,,,0,0,0,0,0,0,,,0,0,0,0,0,0,0,0
5002,FabPlanNorSG,FabPlanNorSG,FabPlanItem,8,0,0,0,0,0,0,0,0,0,0,0,0,0,0,0,3,,,,,,,0,,,0,0,0,0,0,0,,,0,0,0,0,0,0,0,0
5003,FabPlanNorSM,FabPlanNorSM,FabPlanItem,8,0,0,0,0,0,0,0,0,0,0,0,0,0,0,0,3,,,,,,,0,,,0,0,0,0,0,0,,,0,0,0,0,0,0,0,0
5004,FabPlanNorAR,FabPlanNorAR,FabPlanItem,8,0,0,0,0,0,0,0,0,0,0,0,0,0,0,0,3,,,,,,,0,,,0,0,0,0,0,0,,,0,0,0,0,0,0,0,0
5005,FabPlanNorSR,FabPlanNorSR,FabPlanItem,8,0,0,0,0,0,0,0,0,0,0,0,0,0,0,0,3,,,,,,,0,,,0,0,0,0,0,0,,,0,0,0,0,0,0,0,0
5006,FabPlanNorMG,FabPlanNorMG,FabPlanItem,8,0,0,0,0,0,0,0,0,0,0,0,0,0,0,0,3,,,,,,,0,,,0,0,0,0,0,0,,,0,0,0,0,0,0,0,0
5007,FabPlanNorME,FabPlanNorME,FabPlanItem,8,0,0,0,0,0,0,0,0,0,0,0,0,0,0,0,3,,,,,,,0,,,0,0,0,0,0,0,,,0,0,0,0,0,0,0,0
5008,FabPlanAdvPT,FabPlanAdvPT,FabPlanItem,8,0,0,0,0,0,0,0,0,0,0,0,0,0,0,0,3,,,,,,,0,,,0,0,0,0,0,0,,,0,0,0,0,0,0,0,0
5009,FabPlanAdvSG,FabPlanAdvSG,FabPlanItem,8,0,0,0,0,0,0,0,0,0,0,0,0,0,0,0,3,,,,,,,0,,,0,0,0,0,0,0,,,0,0,0,0,0,0,0,0
5010,FabPlanAdvSM,FabPlanAdvSM,FabPlanItem,8,0,0,0,0,0,0,0,0,0,0,0,0,0,0,0,3,,,,,,,0,,,0,0,0,0,0,0,,,0,0,0,0,0,0,0,0
5011,FabPlanAdvAR,FabPlanAdvAR,FabPlanItem,8,0,0,0,0,0,0,0,0,0,0,0,0,0,0,0,3,,,,,,,0,,,0,0,0,0,0,0,,,0,0,0,0,0,0,0,0
5012,FabPlanAdvSR,FabPlanAdvSR,FabPlanItem,8,0,0,0,0,0,0,0,0,0,0,0,0,0,0,0,3,,,,,,,0,,,0,0,0,0,0,0,,,0,0,0,0,0,0,0,0
5013,FabPlanAdvMG,FabPlanAdvMG,FabPlanItem,8,0,0,0,0,0,0,0,0,0,0,0,0,0,0,0,3,,,,,,,0,,,0,0,0,0,0,0,,,0,0,0,0,0,0,0,0
5014,FabPlanAdvME,FabPlanAdvME,FabPlanItem,8,0,0,0,0,0,0,0,0,0,0,0,0,0,0,0,3,,,,,,,0,,,0,0,0,0,0,0,,,0,0,0,0,0,0,0,0
5015,FabPlan1s,FabPlan1s,FabPlanItem,8,0,0,0,0,0,0,0,0,0,0,0,0,0,0,0,3,,,,,,,0,,,0,0,0,0,0,0,,,0,0,0,0,0,5301,0,0
5016,FabPlan1a,FabPlan1a,FabPlanItem,8,0,0,0,0,0,0,0,0,0,0,0,0,0,0,0,3,,,,,,,0,,,0,0,0,0,0,0,,,0,0,0,0,0,5301,0,0
5017,FabPlan1b,FabPlan1b,FabPlanItem,8,0,0,0,0,0,0,0,0,0,0,0,0,0,0,0,3,,,,,,,0,,,0,0,0,0,0,0,,,0,0,0,0,0,5301,0,0
5018,FabPlan1c,FabPlan1c,FabPlanItem,8,0,0,0,0,0,0,0,0,0,0,0,0,0,0,0,3,,,,,,,0,,,0,0,0,0,0,0,,,0,0,0,0,0,5301,0,0
5019,FabPlan1d,FabPlan1d,FabPlanItem,8,0,0,0,0,0,0,0,0,0,0,0,0,0,0,0,3,,,,,,,0,,,0,0,0,0,0,0,,,0,0,0,0,0,5301,0,0
5020,FabPlan1e,FabPlan1e,FabPlanItem,8,0,0,0,0,0,0,0,0,0,0,0,0,0,0,0,3,,,,,,,0,,,0,0,0,0,0,0,,,0,0,0,0,0,5301,0,0
5021,FabPlan2s,FabPlan2s,FabPlanItem,8,0,0,0,0,0,0,0,0,0,0,0,0,0,0,0,3,,,,,,,0,,,0,0,0,0,0,0,,,0,0,0,0,0,5301,0,0
5022,FabPlan2a,FabPlan2a,FabPlanItem,8,0,0,0,0,0,0,0,0,0,0,0,0,0,0,0,3,,,,,,,0,,,0,0,0,0,0,0,,,0,0,0,0,0,5301,0,0
5023,FabPlan2b,FabPlan2b,FabPlanItem,8,0,0,0,0,0,0,0,0,0,0,0,0,0,0,0,3,,,,,,,0,,,0,0,0,0,0,0,,,0,0,0,0,0,5301,0,0
5024,FabPlan2c,FabPlan2c,FabPlanItem,8,0,0,0,0,0,0,0,0,0,0,0,0,0,0,0,3,,,,,,,0,,,0,0,0,0,0,0,,,0,0,0,0,0,5301,0,0
5025,FabPlan2d,FabPlan2d,FabPlanItem,8,0,0,0,0,0,0,0,0,0,0,0,0,0,0,0,3,,,,,,,0,,,0,0,0,0,0,0,,,0,0,0,0,0,5301,0,0
5026,FabPlan2e,FabPlan2e,FabPlanItem,8,0,0,0,0,0,0,0,0,0,0,0,0,0,0,0,3,,,,,,,0,,,0,0,0,0,0,0,,,0,0,0,0,0,5301,0,0
5027,FabPlan3s,FabPlan3s,FabPlanItem,8,0,0,0,0,0,0,0,0,0,0,0,0,0,0,0,3,,,,,,,0,,,0,0,0,0,0,0,,,0,0,0,0,0,5301,0,0
5028,FabPlan3a,FabPlan3a,FabPlanItem,8,0,0,0,0,0,0,0,0,0,0,0,0,0,0,0,3,,,,,,,0,,,0,0,0,0,0,0,,,0,0,0,0,0,5301,0,0
5029,FabPlan3b,FabPlan3b,FabPlanItem,8,0,0,0,0,0,0,0,0,0,0,0,0,0,0,0,3,,,,,,,0,,,0,0,0,0,0,0,,,0,0,0,0,0,5301,0,0
5030,FabPlan3c,FabPlan3c,FabPlanItem,8,0,0,0,0,0,0,0,0,0,0,0,0,0,0,0,3,,,,,,,0,,,0,0,0,0,0,0,,,0,0,0,0,0,5301,0,0
5031,FabPlan3d,FabPlan3d,FabPlanItem,8,0,0,0,0,0,0,0,0,0,0,0,0,0,0,0,3,,,,,,,0,,,0,0,0,0,0,0,,,0,0,0,0,0,5301,0,0
5032,FabPlan3e,FabPlan3e,FabPlanItem,8,0,0,0,0,0,0,0,0,0,0,0,0,0,0,0,3,,,,,,,0,,,0,0,0,0,0,0,,,0,0,0,0,0,5301,0,0
5033,FabPlan4s,FabPlan4s,FabPlanItem,8,0,0,0,0,0,0,0,0,0,0,0,0,0,0,0,3,,,,,,,0,,,0,0,0,0,0,0,,,0,0,0,0,0,5301,0,0
5034,FabPlan4a,FabPlan4a,FabPlanItem,8,0,0,0,0,0,0,0,0,0,0,0,0,0,0,0,3,,,,,,,0,,,0,0,0,0,0,0,,,0,0,0,0,0,5301,0,0
5035,FabPlan4b,FabPlan4b,FabPlanItem,8,0,0,0,0,0,0,0,0,0,0,0,0,0,0,0,3,,,,,,,0,,,0,0,0,0,0,0,,,0,0,0,0,0,5301,0,0
5036,FabPlan4c,FabPlan4c,FabPlanItem,8,0,0,0,0,0,0,0,0,0,0,0,0,0,0,0,3,,,,,,,0,,,0,0,0,0,0,0,,,0,0,0,0,0,5301,0,0
5037,FabPlan4d,FabPlan4d,FabPlanItem,8,0,0,0,0,0,0,0,0,0,0,0,0,0,0,0,3,,,,,,,0,,,0,0,0,0,0,0,,,0,0,0,0,0,5301,0,0
5038,FabPlan4e,FabPlan4e,FabPlanItem,8,0,0,0,0,0,0,0,0,0,0,0,0,0,0,0,3,,,,,,,0,,,0,0,0,0,0,0,,,0,0,0,0,0,5301,0,0
5039,FabPlan5s,FabPlan5s,FabPlanItem,8,0,0,0,0,0,0,0,0,0,0,0,0,0,0,0,3,,,,,,,0,,,0,0,0,0,0,0,,,0,0,0,0,0,5301,0,0
5040,FabPlan5a,FabPlan5a,FabPlanItem,8,0,0,0,0,0,0,0,0,0,0,0,0,0,0,0,3,,,,,,,0,,,0,0,0,0,0,0,,,0,0,0,0,0,5301,0,0
5041,FabPlan5b,FabPlan5b,FabPlanItem,8,0,0,0,0,0,0,0,0,0,0,0,0,0,0,0,3,,,,,,,0,,,0,0,0,0,0,0,,,0,0,0,0,0,5301,0,0
5042,FabPlan5c,FabPlan5c,FabPlanItem,8,0,0,0,0,0,0,0,0,0,0,0,0,0,0,0,3,,,,,,,0,,,0,0,0,0,0,0,,,0,0,0,0,0,5301,0,0
5043,FabPlan5d,FabPlan5d,FabPlanItem,8,0,0,0,0,0,0,0,0,0,0,0,0,0,0,0,3,,,,,,,0,,,0,0,0,0,0,0,,,0,0,0,0,0,5301,0,0
5044,FabPlan5e,FabPlan5e,FabPlanItem,8,0,0,0,0,0,0,0,0,0,0,0,0,0,0,0,3,,,,,,,0,,,0,0,0,0,0,0,,,0,0,0,0,0,5301,0,0
5045,FabPlan6s,FabPlan6s,FabPlanItem,8,0,0,0,0,0,0,0,0,0,0,0,0,0,0,0,3,,,,,,,0,,,0,0,0,0,0,0,,,0,0,0,0,0,5301,0,0
5046,FabPlan6a,FabPlan6a,FabPlanItem,8,0,0,0,0,0,0,0,0,0,0,0,0,0,0,0,3,,,,,,,0,,,0,0,0,0,0,0,,,0,0,0,0,0,5301,0,0
5047,FabPlan6b,FabPlan6b,FabPlanItem,8,0,0,0,0,0,0,0,0,0,0,0,0,0,0,0,3,,,,,,,0,,,0,0,0,0,0,0,,,0,0,0,0,0,5301,0,0
5048,FabPlan6c,FabPlan6c,FabPlanItem,8,0,0,0,0,0,0,0,0,0,0,0,0,0,0,0,3,,,,,,,0,,,0,0,0,0,0,0,,,0,0,0,0,0,5301,0,0
5049,FabPlan6d,FabPlan6d,FabPlanItem,8,0,0,0,0,0,0,0,0,0,0,0,0,0,0,0,3,,,,,,,0,,,0,0,0,0,0,0,,,0,0,0,0,0,5301,0,0
5050,FabPlan6e,FabPlan6e,FabPlanItem,8,0,0,0,0,0,0,0,0,0,0,0,0,0,0,0,3,,,,,,,0,,,0,0,0,0,0,0,,,0,0,0,0,0,5301,0,0
5051,FabPlanSs,FabPlanSs,FabPlanItem,8,0,0,0,0,0,0,0,0,0,0,0,0,0,0,0,3,,,,,,,0,,,0,0,0,0,0,0,,,0,0,0,0,0,5301,0,0
5052,FabPlanSa,FabPlanSa,FabPlanItem,8,0,0,0,0,0,0,0,0,0,0,0,0,0,0,0,3,,,,,,,0,,,0,0,0,0,0,0,,,0,0,0,0,0,5301,0,0
5053,FabPlanBs,FabPlanBs,FabPlanItem,8,0,0,0,0,0,0,0,0,0,0,0,0,0,0,0,3,,,,,,,0,,,0,0,0,0,0,0,,,0,0,0,0,0,5301,0,0
5054,FabPlanBa,FabPlanBa,FabPlanItem,8,0,0,0,0,0,0,0,0,0,0,0,0,0,0,0,3,,,,,,,0,,,0,0,0,0,0,0,,,0,0,0,0,0,5301,0,0
5101,FabEnduMax1,FabEnduMax1,FabEnduranceItem,8,0,0,0,0,0,0,0,0,0,0,0,0,0,0,0,3,,,,,,,0,,,0,0,0,0,0,0,,,0,0,0,0,0,5301,0,0
5102,FabEnduMax3,FabEnduMax3,FabEnduranceItem,8,0,0,0,0,0,0,0,0,0,0,0,0,0,0,0,3,,,,,,,0,,,0,0,0,0,0,0,,,0,0,0,0,0,5301,0,0
5103,FabEnduMax10,FabEnduMax10,FabEnduranceItem,8,0,0,0,0,0,0,0,0,0,0,0,0,0,0,0,3,,,,,,,0,,,0,0,0,0,0,0,,,0,0,0,0,0,5301,0,0
5104,FabEnduMax30,FabEnduMax30,FabEnduranceItem,8,0,0,0,0,0,0,0,0,0,0,0,0,0,0,0,3,,,,,,,0,,,0,0,0,0,0,0,,,0,0,0,0,0,5301,0,0
5105,FabEnduMax90,FabEnduMax90,FabEnduranceItem,8,0,0,0,0,0,0,0,0,0,0,0,0,0,0,0,3,,,,,,,0,,,0,0,0,0,0,0,,,0,0,0,0,0,5301,0,0
5106,FabEnduMaxPer,FabEnduMaxPer,FabEnduranceItem,8,0,0,0,0,0,0,0,0,0,0,0,0,0,0,0,3,,,,,,,0,,,0,0,0,0,0,0,,,0,0,0,0,0,5301,0,0
5201,FabExtraLucky,FabExtraLucky,FabExtraItem,8,0,0,0,0,0,0,0,0,0,0,0,0,0,0,0,3,,,,,,,0,,,0,0,0,0,0,0,,,0,0,0,0,0,0,0,0
5202,FabExtraRecycle,FabExtraRecycle,FabExtraItem,8,0,0,0,0,0,0,0,0,0,0,0,0,0,0,0,3,,,,,,,0,,,0,0,0,0,0,0,,,0,0,0,0,0,0,0,0
5203,EnhNor,EnhNor,FabReinforceNorItem,8,0,0,0,0,0,0,0,0,0,0,0,0,0,0,0,3,,,,,,,0,,,0,0,0,0,0,0,,,0,0,0,0,0,0,0,0
5204,EnhAdv,EnhAdv,FabReinforceAdvItem,8,0,0,0,0,0,0,0,0,0,0,0,0,0,0,0,3,,,,,,,0,,,0,0,0,0,0,0,,,5,9119,0,0,0,0,0,0
5205,EnhAnti,EnhAnti,FabReinforceResetItem,8,0,0,0,0,0,0,0,0,0,0,0,0,0,0,0,3,,,,,,,0,,,0,0,0,0,0,0,,,0,0,0,0,0,0,0,0
5206,EnhAntiDamage,EnhAntiDamage,FabReinforceEnhAntiD,8,0,0,0,0,0,0,0,0,0,0,0,0,0,0,0,3,,,,,,,0,,,0,0,0,0,0,0,,,1,9118,0,0,0,0,0,0
5207,EnhAntiWeight,EnhAntiWeight,FabReinforceEnhAntiW,8,0,0,0,0,0,0,0,0,0,0,0,0,0,0,0,3,,,,,,,0,,,0,0,0,0,0,0,,,1,9118,0,0,0,0,0,0
5208,EnhAntiAccuracy,EnhAntiAccuracy,FabReinforceEnhAntiAC,8,0,0,0,0,0,0,0,0,0,0,0,0,0,0,0,3,,,,,,,0,,,0,0,0,0,0,0,,,1,9118,0,0,0,0,0,0
5209,EnhAntiFirerate,EnhAntiFirerate,FabReinforceEnhAntiF,8,0,0,0,0,0,0,0,0,0,0,0,0,0,0,0,3,,,,,,,0,,,0,0,0,0,0,0,,,1,9118,0,0,0,0,0,0
5210,EnhAntiKickBack,EnhAntiKickBack,FabReinforceEnhAntiK,8,0,0,0,0,0,0,0,0,0,0,0,0,0,0,0,3,,,,,,,0,,,0,0,0,0,0,0,,,1,9118,0,0,0,0,0,0
5211,EnhAntiAmmo,EnhAntiAmmo,FabReinforceEnhAntiAM,8,0,0,0,0,0,0,0,0,0,0,0,0,0,0,0,3,,,,,,,0,,,0,0,0,0,0,0,,,1,9118,0,0,0,0,0,0
5212,EnhPerPartDamage,EnhPerPartDamage,FabReinforcePerPartD,9,0,2,0,0,0,0,0,0,0,0,0,0,0,0,0,1,,,,,,,0,,,0,0,0,0,0,0,,,5,9118,0,0,0,0,0,0
5213,EnhPerPartWeight,EnhPerPartWeight,FabReinforcePerPartW,9,0,2,0,0,0,0,0,0,0,0,0,0,0,0,0,1,,,,,,,0,,,0,0,0,0,0,0,,,5,9118,0,0,0,0,0,0
5214,EnhPerPartAccuracy,EnhPerPartAccuracy,FabReinforcePerPartAC,9,0,2,0,0,0,0,0,0,0,0,0,0,0,0,0,1,,,,,,,0,,,0,0,0,0,0,0,,,5,9118,0,0,0,0,0,0
5215,EnhPerPartFirerate,EnhPerPartFirerate,FabReinforcePerPartF,9,0,2,0,0,0,0,0,0,0,0,0,0,0,0,0,1,,,,,,,0,,,0,0,0,0,0,0,,,5,9118,0,0,0,0,0,0
5216,EnhPerPartKickBack,EnhPerPartKickBack,FabReinforcePerPartK,9,0,2,0,0,0,0,0,0,0,0,0,0,0,0,0,1,,,,,,,0,,,0,0,0,0,0,0,,,5,9118,0,0,0,0,0,0
5217,EnhPerPartAmmo,EnhPerPartAmmo,FabReinforcePerPartAM,9,0,2,0,0,0,0,0,0,0,0,0,0,0,0,0,1,,,,,,,0,,,0,0,0,0,0,0,,,5,9118,0,0,0,0,0,0
5218,EnhPerDamage,EnhPerDamage,FabReinforceEnhPD,8,0,0,0,0,0,0,0,0,0,0,0,0,0,0,0,3,,,,,,,0,,,0,0,0,0,0,0,,,1,9118,0,0,0,0,0,0
5219,EnhPerWeight,EnhPerWeight,FabReinforceEnhPW,8,0,0,0,0,0,0,0,0,0,0,0,0,0,0,0,3,,,,,,,0,,,0,0,0,0,0,0,,,1,9118,0,0,0,0,0,0
5220,EnhPerAccuracy,EnhPerAccuracy,FabReinforceEnhPAC,8,0,0,0,0,0,0,0,0,0,0,0,0,0,0,0,3,,,,,,,0,,,0,0,0,0,0,0,,,1,9118,0,0,0,0,0,0
5221,EnhPerFirerate,EnhPerFirerate,FabReinforceEnhPF,8,0,0,0,0,0,0,0,0,0,0,0,0,0,0,0,3,,,,,,,0,,,0,0,0,0,0,0,,,1,9118,0,0,0,0,0,0
5222,EnhPerKickBack,EnhPerKickBack,FabReinforceEnhPK,8,0,0,0,0,0,0,0,0,0,0,0,0,0,0,0,3,,,,,,,0,,,0,0,0,0,0,0,,,1,9118,0,0,0,0,0,0
5223,EnhPerAmmo,EnhPerAmmo,FabReinforceEnhPAM,8,0,0,0,0,0,0,0,0,0,0,0,0,0,0,0,3,,,,,,,0,,,0,0,0,0,0,0,,,1,9118,0,0,0,0,0,0
5224,FabPartSkull,FabPartSkull,FabPlanItem,8,0,0,0,0,0,0,0,0,0,0,0,0,0,0,0,3,,,,,,,0,,,0,0,0,0,0,0,,,0,0,0,0,0,0,0,0
5225,FabPartBarlog,FabPartBarlog,FabPlanItem,8,0,0,0,0,0,0,0,0,0,0,0,0,0,0,0,3,,,,,,,0,,,0,0,0,0,0,0,,,0,0,0,0,0,0,0,0
5301,FabGift,FabGift,GiftItem,8,0,0,0,0,0,0,0,0,0,0,0,0,0,0,0,3,,,,,,,0,,,0,0,0,0,0,0,,,1,9118,0,0,0,0,0,0
6006,mg3_k5,MG3,Equipment,5,45,1,0,0,0,0,0,0,0,0,0,0,0,0,0,1,30,73,78,91,71,,1,,,0,0,0,0,0,1,,,480,9121,0,0,0,0,0,0
6008,m14ebr_a5,m14ebr,Equipment,4,87,1,0,0,0,0,0,0,0,0,0,0,0,0,0,1,40,86,76,89,69,,1,,,0,0,0,0,0,1,,,480,9121,0,0,0,0,0,0
6009,as50_k5,as50,Equipment,4,122,1,0,0,0,0,0,0,0,0,0,0,0,0,0,1,100,69,29,75,65,,1,,,0,0,0,0,0,1,,,480,9121,0,0,0,0,0,0
9997,Letterk3 Tattoo,ttLetterk3,Tattoo,8,0,1,0,0,0,0,0,0,0,0,0,0,0,0,0,1,,,,,,,1,,,0,0,0,0,0,1,,,240,9124,0,0,0,0,0,0
9998,Letterk2 Tattoo,ttLetterk2,Tattoo,8,0,1,0,0,0,0,0,0,0,0,0,0,0,0,0,1,,,,,,,1,,,0,0,0,0,0,1,,,240,9124,0,0,0,0,0,0
9999,Letterk1 Tattoo,ttLetterk1,Tattoo,8,0,1,0,0,0,0,0,0,0,0,0,0,0,0,0,1,,,,,,,1,,,0,0,0,0,0,1,,,240,9124,0,0,0,0,0,0
