#enable,#map_id,#mode_id,#weight,#tip_image,#tip_text
1,0,0,1,Tooltip_Original_DM,#CSO_MaploadingTip_ORIGINAL_DM
1,0,1,1,Tooltip_Deathmatch,#CSO_MaploadingTip_DM
1,0,2,1,Tooltip_TeamDeathmatch,#CSO_MaploadingTip_TDM
1,0,3,1,Tooltip_Original_DM,#CSO_MaploadingTip_ORIGINAL_DM
1,0,4,1,Tooltip_Deathmatch,#CSO_MaploadingTip_DM_BOT
1,0,5,1,Tooltip_TeamDeathmatch,#CSO_MaploadingTip_TDM_BOT
1,1,0,1,Tooltip_Original_CS,#CSO_MaploadingTip_ORIGINAL_CS
1,1,1,1,Tooltip_Deathmatch,#CSO_MaploadingTip_DM
1,1,2,1,Tooltip_TeamDeathmatch,#CSO_MaploadingTip_TDM
1,1,3,1,Tooltip_Original_CS,#CSO_MaploadingTip_ORIGINAL_CS
1,1,4,1,Tooltip_Deathmatch,#CSO_MaploadingTip_DM_BOT
1,1,5,1,Tooltip_TeamDeathmatch,#CSO_MaploadingTip_TDM_BOT
1,1,22,1,Tooltip_GDM_01,#CSO_MaploadingTip_GDM_01
1,1,22,1,Tooltip_GDM_02,#CSO_MaploadingTip_GDM_02
1,2,0,1,Tooltip_Original_CS,#CSO_MaploadingTip_ORIGINAL_CS
1,2,1,1,Tooltip_Deathmatch,#CSO_MaploadingTip_DM
1,2,2,1,Tooltip_TeamDeathmatch,#CSO_MaploadingTip_TDM
1,2,3,1,Tooltip_Original_CS,#CSO_MaploadingTip_ORIGINAL_CS
1,2,4,1,Tooltip_Deathmatch,#CSO_MaploadingTip_DM_BOT
1,2,5,1,Tooltip_TeamDeathmatch,#CSO_MaploadingTip_TDM_BOT
1,2,8,1,Tooltip_Zombie,#CSO_MaploadingTip_ZM
1,2,9,1,Tooltip_Zombie2_01,#CSO_MaploadingTip_ZM2
1,2,9,1,Tooltip_Zombie2_02,#CSO_MaploadingTip_ZM2
1,2,9,1,Tooltip_Zombie2_03,#CSO_MaploadingTip_ZM2
1,2,9,1,Tooltip_Zombie2_04,#CSO_MaploadingTip_ZM2
1,2,9,1,Tooltip_Zombie2_05,#CSO_MaploadingTip_ZM2
1,2,14,1,Tooltip_Zombie3_01,#CSO_MaploadingTip_ZM3
1,2,14,1,Tooltip_Zombie3_02,#CSO_MaploadingTip_ZM3
1,2,14,1,Tooltip_Zombie3_03,#CSO_MaploadingTip_ZM3
1,3,0,1,Tooltip_Original_DE,#CSO_MaploadingTip_ORIGINAL_DE
1,3,1,1,Tooltip_Deathmatch,#CSO_MaploadingTip_DM
1,3,2,1,Tooltip_TeamDeathmatch,#CSO_MaploadingTip_TDM
1,3,3,1,Tooltip_Original_DE,#CSO_MaploadingTip_ORIGINAL_DE
1,3,4,1,Tooltip_Deathmatch,#CSO_MaploadingTip_DM_BOT
1,3,5,1,Tooltip_TeamDeathmatch,#CSO_MaploadingTip_TDM_BOT
1,3,11,1,Tooltip_ZombieUnite,#CSO_MaploadingTip_ZTDM
1,3,13,1,Tooltip_ZombieUnite_DM,#CSO_MaploadingTip_ZTDM_ANN
1,4,0,1,Tooltip_Original_DE,#CSO_MaploadingTip_ORIGINAL_DE
1,4,1,1,Tooltip_Deathmatch,#CSO_MaploadingTip_DM
1,4,2,1,Tooltip_TeamDeathmatch,#CSO_MaploadingTip_TDM
1,4,3,1,Tooltip_Original_DE,#CSO_MaploadingTip_ORIGINAL_DE
1,4,4,1,Tooltip_Deathmatch,#CSO_MaploadingTip_DM_BOT
1,4,5,1,Tooltip_TeamDeathmatch,#CSO_MaploadingTip_TDM_BOT
1,4,8,1,Tooltip_Zombie,#CSO_MaploadingTip_ZM
1,4,9,1,Tooltip_Zombie2_01,#CSO_MaploadingTip_ZM2
1,4,9,1,Tooltip_Zombie2_02,#CSO_MaploadingTip_ZM2
1,4,9,1,Tooltip_Zombie2_03,#CSO_MaploadingTip_ZM2
1,4,9,1,Tooltip_Zombie2_04,#CSO_MaploadingTip_ZM2
1,4,9,1,Tooltip_Zombie2_05,#CSO_MaploadingTip_ZM2
1,4,11,1,Tooltip_ZombieUnite,#CSO_MaploadingTip_ZTDM
1,4,13,1,Tooltip_ZombieUnite_DM,#CSO_MaploadingTip_ZTDM_ANN
1,4,14,1,Tooltip_Zombie3_01,#CSO_MaploadingTip_ZM3
1,4,14,1,Tooltip_Zombie3_02,#CSO_MaploadingTip_ZM3
1,4,14,1,Tooltip_Zombie3_03,#CSO_MaploadingTip_ZM3
1,5,0,1,Tooltip_Original_DE,#CSO_MaploadingTip_ORIGINAL_DE
1,5,1,1,Tooltip_Deathmatch,#CSO_MaploadingTip_DM
1,5,2,1,Tooltip_TeamDeathmatch,#CSO_MaploadingTip_TDM
1,5,3,1,Tooltip_Original_DE,#CSO_MaploadingTip_ORIGINAL_DE
1,5,4,1,Tooltip_Deathmatch,#CSO_MaploadingTip_DM_BOT
1,5,5,1,Tooltip_TeamDeathmatch,#CSO_MaploadingTip_TDM_BOT
1,5,6,1,Tooltip_Official,#CSO_MaploadingTip_Official
1,5,7,1,Tooltip_Official,#CSO_MaploadingTip_Official_TieBreak
1,5,8,1,Tooltip_Zombie,#CSO_MaploadingTip_ZM
1,5,9,1,Tooltip_Zombie2_01,#CSO_MaploadingTip_ZM2
1,5,9,1,Tooltip_Zombie2_02,#CSO_MaploadingTip_ZM2
1,5,9,1,Tooltip_Zombie2_03,#CSO_MaploadingTip_ZM2
1,5,9,1,Tooltip_Zombie2_04,#CSO_MaploadingTip_ZM2
1,5,9,1,Tooltip_Zombie2_05,#CSO_MaploadingTip_ZM2
1,5,11,1,Tooltip_ZombieUnite,#CSO_MaploadingTip_ZTDM
1,5,13,1,Tooltip_ZombieUnite_DM,#CSO_MaploadingTip_ZTDM_ANN
1,5,14,1,Tooltip_Zombie3_01,#CSO_MaploadingTip_ZM3
1,5,14,1,Tooltip_Zombie3_02,#CSO_MaploadingTip_ZM3
1,5,14,1,Tooltip_Zombie3_03,#CSO_MaploadingTip_ZM3
1,5,22,1,Tooltip_GDM_01,#CSO_MaploadingTip_GDM_01
1,5,22,1,Tooltip_GDM_02,#CSO_MaploadingTip_GDM_02
1,5,23,1,Tooltip_basic_01,#CSO_MaploadingTip_basic_01
1,5,23,1,Tooltip_basic_02,#CSO_MaploadingTip_basic_02
1,5,23,1,Tooltip_basic_03,#CSO_MaploadingTip_basic_03
1,6,0,1,Tooltip_Original_DE,#CSO_MaploadingTip_ORIGINAL_DE
1,6,1,1,Tooltip_Deathmatch,#CSO_MaploadingTip_DM
1,6,2,1,Tooltip_TeamDeathmatch,#CSO_MaploadingTip_TDM
1,6,3,1,Tooltip_Original_DE,#CSO_MaploadingTip_ORIGINAL_DE
1,6,4,1,Tooltip_Deathmatch,#CSO_MaploadingTip_DM_BOT
1,6,5,1,Tooltip_TeamDeathmatch,#CSO_MaploadingTip_TDM_BOT
1,6,8,1,Tooltip_Zombie,#CSO_MaploadingTip_ZM
1,6,9,1,Tooltip_Zombie2_01,#CSO_MaploadingTip_ZM2
1,6,9,1,Tooltip_Zombie2_02,#CSO_MaploadingTip_ZM2
1,6,9,1,Tooltip_Zombie2_03,#CSO_MaploadingTip_ZM2
1,6,9,1,Tooltip_Zombie2_04,#CSO_MaploadingTip_ZM2
1,6,9,1,Tooltip_Zombie2_05,#CSO_MaploadingTip_ZM2
1,6,11,1,Tooltip_ZombieUnite,#CSO_MaploadingTip_ZTDM
1,6,13,1,Tooltip_ZombieUnite_DM,#CSO_MaploadingTip_ZTDM_ANN
1,6,14,1,Tooltip_Zombie3_01,#CSO_MaploadingTip_ZM3
1,6,14,1,Tooltip_Zombie3_02,#CSO_MaploadingTip_ZM3
1,6,14,1,Tooltip_Zombie3_03,#CSO_MaploadingTip_ZM3
1,7,0,1,Tooltip_Original_DE,#CSO_MaploadingTip_ORIGINAL_DE
1,7,1,1,Tooltip_Deathmatch,#CSO_MaploadingTip_DM
1,7,2,1,Tooltip_TeamDeathmatch,#CSO_MaploadingTip_TDM
1,7,3,1,Tooltip_Original_DE,#CSO_MaploadingTip_ORIGINAL_DE
1,7,4,1,Tooltip_Deathmatch,#CSO_MaploadingTip_DM_BOT
1,7,5,1,Tooltip_TeamDeathmatch,#CSO_MaploadingTip_TDM_BOT
1,7,6,1,Tooltip_Official,#CSO_MaploadingTip_Official
1,7,7,1,Tooltip_Official,#CSO_MaploadingTip_Official_TieBreak
1,7,8,1,Tooltip_Zombie,#CSO_MaploadingTip_ZM
1,7,9,1,Tooltip_Zombie2_01,#CSO_MaploadingTip_ZM2
1,7,9,1,Tooltip_Zombie2_02,#CSO_MaploadingTip_ZM2
1,7,9,1,Tooltip_Zombie2_03,#CSO_MaploadingTip_ZM2
1,7,9,1,Tooltip_Zombie2_04,#CSO_MaploadingTip_ZM2
1,7,9,1,Tooltip_Zombie2_05,#CSO_MaploadingTip_ZM2
1,7,11,1,Tooltip_ZombieUnite,#CSO_MaploadingTip_ZTDM
1,7,13,1,Tooltip_ZombieUnite_DM,#CSO_MaploadingTip_ZTDM_ANN
1,7,14,1,Tooltip_Zombie3_01,#CSO_MaploadingTip_ZM3
1,7,14,1,Tooltip_Zombie3_02,#CSO_MaploadingTip_ZM3
1,7,14,1,Tooltip_Zombie3_03,#CSO_MaploadingTip_ZM3
1,7,22,1,Tooltip_GDM_01,#CSO_MaploadingTip_GDM_01
1,7,22,1,Tooltip_GDM_02,#CSO_MaploadingTip_GDM_02
1,7,23,1,Tooltip_basic_01,#CSO_MaploadingTip_basic_01
1,7,23,1,Tooltip_basic_02,#CSO_MaploadingTip_basic_02
1,7,23,1,Tooltip_basic_03,#CSO_MaploadingTip_basic_03
1,8,0,1,Tooltip_Original_DE,#CSO_MaploadingTip_ORIGINAL_DE
1,8,1,1,Tooltip_Deathmatch,#CSO_MaploadingTip_DM
1,8,2,1,Tooltip_TeamDeathmatch,#CSO_MaploadingTip_TDM
1,8,3,1,Tooltip_Original_DE,#CSO_MaploadingTip_ORIGINAL_DE
1,8,4,1,Tooltip_Deathmatch,#CSO_MaploadingTip_DM_BOT
1,8,5,1,Tooltip_TeamDeathmatch,#CSO_MaploadingTip_TDM_BOT
1,8,6,1,Tooltip_Official,#CSO_MaploadingTip_Official
1,8,7,1,Tooltip_Official,#CSO_MaploadingTip_Official_TieBreak
1,8,8,1,Tooltip_Zombie,#CSO_MaploadingTip_ZM
1,8,9,1,Tooltip_Zombie2_01,#CSO_MaploadingTip_ZM2
1,8,9,1,Tooltip_Zombie2_02,#CSO_MaploadingTip_ZM2
1,8,9,1,Tooltip_Zombie2_03,#CSO_MaploadingTip_ZM2
1,8,9,1,Tooltip_Zombie2_04,#CSO_MaploadingTip_ZM2
1,8,9,1,Tooltip_Zombie2_05,#CSO_MaploadingTip_ZM2
1,8,11,1,Tooltip_ZombieUnite,#CSO_MaploadingTip_ZTDM
1,8,13,1,Tooltip_ZombieUnite_DM,#CSO_MaploadingTip_ZTDM_ANN
1,8,14,1,Tooltip_Zombie3_01,#CSO_MaploadingTip_ZM3
1,8,14,1,Tooltip_Zombie3_02,#CSO_MaploadingTip_ZM3
1,8,14,1,Tooltip_Zombie3_03,#CSO_MaploadingTip_ZM3
1,9,0,1,Tooltip_Original_DE,#CSO_MaploadingTip_ORIGINAL_DE
1,9,1,1,Tooltip_Deathmatch,#CSO_MaploadingTip_DM
1,9,2,1,Tooltip_TeamDeathmatch,#CSO_MaploadingTip_TDM
1,9,3,1,Tooltip_Original_DE,#CSO_MaploadingTip_ORIGINAL_DE
1,9,4,1,Tooltip_Deathmatch,#CSO_MaploadingTip_DM_BOT
1,9,5,1,Tooltip_TeamDeathmatch,#CSO_MaploadingTip_TDM_BOT
1,9,8,1,Tooltip_Zombie,#CSO_MaploadingTip_ZM
1,9,9,1,Tooltip_Zombie2_01,#CSO_MaploadingTip_ZM2
1,9,9,1,Tooltip_Zombie2_02,#CSO_MaploadingTip_ZM2
1,9,9,1,Tooltip_Zombie2_03,#CSO_MaploadingTip_ZM2
1,9,9,1,Tooltip_Zombie2_04,#CSO_MaploadingTip_ZM2
1,9,9,1,Tooltip_Zombie2_05,#CSO_MaploadingTip_ZM2
1,9,11,1,Tooltip_ZombieUnite,#CSO_MaploadingTip_ZTDM
1,9,13,1,Tooltip_ZombieUnite_DM,#CSO_MaploadingTip_ZTDM_ANN
1,9,14,1,Tooltip_Zombie3_01,#CSO_MaploadingTip_ZM3
1,9,14,1,Tooltip_Zombie3_02,#CSO_MaploadingTip_ZM3
1,9,14,1,Tooltip_Zombie3_03,#CSO_MaploadingTip_ZM3
1,10,0,1,Tooltip_Original_DE,#CSO_MaploadingTip_ORIGINAL_DE
1,10,1,1,Tooltip_Deathmatch,#CSO_MaploadingTip_DM
1,10,2,1,Tooltip_TeamDeathmatch,#CSO_MaploadingTip_TDM
1,10,3,1,Tooltip_Original_DE,#CSO_MaploadingTip_ORIGINAL_DE
1,10,4,1,Tooltip_Deathmatch,#CSO_MaploadingTip_DM_BOT
1,10,5,1,Tooltip_TeamDeathmatch,#CSO_MaploadingTip_TDM_BOT
1,10,8,1,Tooltip_Zombie,#CSO_MaploadingTip_ZM
1,10,9,1,Tooltip_Zombie2_01,#CSO_MaploadingTip_ZM2
1,10,9,1,Tooltip_Zombie2_02,#CSO_MaploadingTip_ZM2
1,10,9,1,Tooltip_Zombie2_03,#CSO_MaploadingTip_ZM2
1,10,9,1,Tooltip_Zombie2_04,#CSO_MaploadingTip_ZM2
1,10,9,1,Tooltip_Zombie2_05,#CSO_MaploadingTip_ZM2
1,10,11,1,Tooltip_ZombieUnite,#CSO_MaploadingTip_ZTDM
1,10,13,1,Tooltip_ZombieUnite_DM,#CSO_MaploadingTip_ZTDM_ANN
1,10,14,1,Tooltip_Zombie3_01,#CSO_MaploadingTip_ZM3
1,10,14,1,Tooltip_Zombie3_02,#CSO_MaploadingTip_ZM3
1,10,14,1,Tooltip_Zombie3_03,#CSO_MaploadingTip_ZM3
1,11,0,1,Tooltip_Original_DE,#CSO_MaploadingTip_ORIGINAL_DE
1,11,1,1,Tooltip_Deathmatch,#CSO_MaploadingTip_DM
1,11,2,1,Tooltip_TeamDeathmatch,#CSO_MaploadingTip_TDM
1,11,3,1,Tooltip_Original_DE,#CSO_MaploadingTip_ORIGINAL_DE
1,11,4,1,Tooltip_Deathmatch,#CSO_MaploadingTip_DM_BOT
1,11,5,1,Tooltip_TeamDeathmatch,#CSO_MaploadingTip_TDM_BOT
1,11,8,1,Tooltip_Zombie,#CSO_MaploadingTip_ZM
1,11,9,1,Tooltip_Zombie2_01,#CSO_MaploadingTip_ZM2
1,11,9,1,Tooltip_Zombie2_02,#CSO_MaploadingTip_ZM2
1,11,9,1,Tooltip_Zombie2_03,#CSO_MaploadingTip_ZM2
1,11,9,1,Tooltip_Zombie2_04,#CSO_MaploadingTip_ZM2
1,11,9,1,Tooltip_Zombie2_05,#CSO_MaploadingTip_ZM2
1,11,14,1,Tooltip_Zombie3_01,#CSO_MaploadingTip_ZM3
1,11,14,1,Tooltip_Zombie3_02,#CSO_MaploadingTip_ZM3
1,11,14,1,Tooltip_Zombie3_03,#CSO_MaploadingTip_ZM3
1,12,0,1,Tooltip_Original_DE,#CSO_MaploadingTip_ORIGINAL_DE
1,12,1,1,Tooltip_Deathmatch,#CSO_MaploadingTip_DM
1,12,2,1,Tooltip_TeamDeathmatch,#CSO_MaploadingTip_TDM
1,12,3,1,Tooltip_Original_DE,#CSO_MaploadingTip_ORIGINAL_DE
1,12,4,1,Tooltip_Deathmatch,#CSO_MaploadingTip_DM_BOT
1,12,5,1,Tooltip_TeamDeathmatch,#CSO_MaploadingTip_TDM_BOT
1,12,8,1,Tooltip_Zombie,#CSO_MaploadingTip_ZM
1,12,9,1,Tooltip_Zombie2_01,#CSO_MaploadingTip_ZM2
1,12,9,1,Tooltip_Zombie2_02,#CSO_MaploadingTip_ZM2
1,12,9,1,Tooltip_Zombie2_03,#CSO_MaploadingTip_ZM2
1,12,9,1,Tooltip_Zombie2_04,#CSO_MaploadingTip_ZM2
1,12,9,1,Tooltip_Zombie2_05,#CSO_MaploadingTip_ZM2
1,12,11,1,Tooltip_ZombieUnite,#CSO_MaploadingTip_ZTDM
1,12,13,1,Tooltip_ZombieUnite_DM,#CSO_MaploadingTip_ZTDM_ANN
1,12,14,1,Tooltip_Zombie3_01,#CSO_MaploadingTip_ZM3
1,12,14,1,Tooltip_Zombie3_02,#CSO_MaploadingTip_ZM3
1,12,14,1,Tooltip_Zombie3_03,#CSO_MaploadingTip_ZM3
1,13,0,1,Tooltip_Original_DE,#CSO_MaploadingTip_ORIGINAL_DE
1,13,1,1,Tooltip_Deathmatch,#CSO_MaploadingTip_DM
1,13,2,1,Tooltip_TeamDeathmatch,#CSO_MaploadingTip_TDM
1,13,3,1,Tooltip_Original_DE,#CSO_MaploadingTip_ORIGINAL_DE
1,13,4,1,Tooltip_Deathmatch,#CSO_MaploadingTip_DM_BOT
1,13,5,1,Tooltip_TeamDeathmatch,#CSO_MaploadingTip_TDM_BOT
1,13,6,1,Tooltip_Official,#CSO_MaploadingTip_Official
1,13,7,1,Tooltip_Official,#CSO_MaploadingTip_Official_TieBreak
1,13,8,1,Tooltip_Zombie,#CSO_MaploadingTip_ZM
1,13,9,1,Tooltip_Zombie2_01,#CSO_MaploadingTip_ZM2
1,13,9,1,Tooltip_Zombie2_02,#CSO_MaploadingTip_ZM2
1,13,9,1,Tooltip_Zombie2_03,#CSO_MaploadingTip_ZM2
1,13,9,1,Tooltip_Zombie2_04,#CSO_MaploadingTip_ZM2
1,13,9,1,Tooltip_Zombie2_05,#CSO_MaploadingTip_ZM2
1,13,11,1,Tooltip_ZombieUnite,#CSO_MaploadingTip_ZTDM
1,13,13,1,Tooltip_ZombieUnite_DM,#CSO_MaploadingTip_ZTDM_ANN
1,13,14,1,Tooltip_Zombie3_01,#CSO_MaploadingTip_ZM3
1,13,14,1,Tooltip_Zombie3_02,#CSO_MaploadingTip_ZM3
1,13,14,1,Tooltip_Zombie3_03,#CSO_MaploadingTip_ZM3
1,14,0,1,Tooltip_Original_DE,#CSO_MaploadingTip_ORIGINAL_DE
1,14,1,1,Tooltip_Deathmatch,#CSO_MaploadingTip_DM
1,14,2,1,Tooltip_TeamDeathmatch,#CSO_MaploadingTip_TDM
1,14,3,1,Tooltip_Original_DE,#CSO_MaploadingTip_ORIGINAL_DE
1,14,4,1,Tooltip_Deathmatch,#CSO_MaploadingTip_DM_BOT
1,14,5,1,Tooltip_TeamDeathmatch,#CSO_MaploadingTip_TDM_BOT
1,14,8,1,Tooltip_Zombie,#CSO_MaploadingTip_ZM
1,14,9,1,Tooltip_Zombie2_01,#CSO_MaploadingTip_ZM2
1,14,9,1,Tooltip_Zombie2_02,#CSO_MaploadingTip_ZM2
1,14,9,1,Tooltip_Zombie2_03,#CSO_MaploadingTip_ZM2
1,14,9,1,Tooltip_Zombie2_04,#CSO_MaploadingTip_ZM2
1,14,9,1,Tooltip_Zombie2_05,#CSO_MaploadingTip_ZM2
1,14,11,1,Tooltip_ZombieUnite,#CSO_MaploadingTip_ZTDM
1,14,13,1,Tooltip_ZombieUnite_DM,#CSO_MaploadingTip_ZTDM_ANN
1,14,14,1,Tooltip_Zombie3_01,#CSO_MaploadingTip_ZM3
1,14,14,1,Tooltip_Zombie3_02,#CSO_MaploadingTip_ZM3
1,14,14,1,Tooltip_Zombie3_03,#CSO_MaploadingTip_ZM3
1,15,0,1,Tooltip_Original_DE,#CSO_MaploadingTip_ORIGINAL_DE
1,15,1,1,Tooltip_Deathmatch,#CSO_MaploadingTip_DM
1,15,2,1,Tooltip_TeamDeathmatch,#CSO_MaploadingTip_TDM
1,15,3,1,Tooltip_Original_DE,#CSO_MaploadingTip_ORIGINAL_DE
1,15,4,1,Tooltip_Deathmatch,#CSO_MaploadingTip_DM_BOT
1,15,5,1,Tooltip_TeamDeathmatch,#CSO_MaploadingTip_TDM_BOT
1,15,8,1,Tooltip_Zombie,#CSO_MaploadingTip_ZM
1,15,9,1,Tooltip_Zombie2_01,#CSO_MaploadingTip_ZM2
1,15,9,1,Tooltip_Zombie2_02,#CSO_MaploadingTip_ZM2
1,15,9,1,Tooltip_Zombie2_03,#CSO_MaploadingTip_ZM2
1,15,9,1,Tooltip_Zombie2_04,#CSO_MaploadingTip_ZM2
1,15,9,1,Tooltip_Zombie2_05,#CSO_MaploadingTip_ZM2
1,15,11,1,Tooltip_ZombieUnite,#CSO_MaploadingTip_ZTDM
1,15,13,1,Tooltip_ZombieUnite_DM,#CSO_MaploadingTip_ZTDM_ANN
1,15,14,1,Tooltip_Zombie3_01,#CSO_MaploadingTip_ZM3
1,15,14,1,Tooltip_Zombie3_02,#CSO_MaploadingTip_ZM3
1,15,14,1,Tooltip_Zombie3_03,#CSO_MaploadingTip_ZM3
1,16,0,1,Tooltip_Original_DE,#CSO_MaploadingTip_ORIGINAL_DE
1,16,1,1,Tooltip_Deathmatch,#CSO_MaploadingTip_DM
1,16,2,1,Tooltip_TeamDeathmatch,#CSO_MaploadingTip_TDM
1,16,3,1,Tooltip_Original_DE,#CSO_MaploadingTip_ORIGINAL_DE
1,16,4,1,Tooltip_Deathmatch,#CSO_MaploadingTip_DM_BOT
1,16,5,1,Tooltip_TeamDeathmatch,#CSO_MaploadingTip_TDM_BOT
1,16,8,1,Tooltip_Zombie,#CSO_MaploadingTip_ZM
1,16,9,1,Tooltip_Zombie2_01,#CSO_MaploadingTip_ZM2
1,16,9,1,Tooltip_Zombie2_02,#CSO_MaploadingTip_ZM2
1,16,9,1,Tooltip_Zombie2_03,#CSO_MaploadingTip_ZM2
1,16,9,1,Tooltip_Zombie2_04,#CSO_MaploadingTip_ZM2
1,16,9,1,Tooltip_Zombie2_05,#CSO_MaploadingTip_ZM2
1,16,11,1,Tooltip_ZombieUnite,#CSO_MaploadingTip_ZTDM
1,16,13,1,Tooltip_ZombieUnite_DM,#CSO_MaploadingTip_ZTDM_ANN
1,16,14,1,Tooltip_Zombie3_01,#CSO_MaploadingTip_ZM3
1,16,14,1,Tooltip_Zombie3_02,#CSO_MaploadingTip_ZM3
1,16,14,1,Tooltip_Zombie3_03,#CSO_MaploadingTip_ZM3
1,17,0,1,Tooltip_Original_DE,#CSO_MaploadingTip_ORIGINAL_DE
1,17,1,1,Tooltip_Deathmatch,#CSO_MaploadingTip_DM
1,17,2,1,Tooltip_TeamDeathmatch,#CSO_MaploadingTip_TDM
1,17,3,1,Tooltip_Original_DE,#CSO_MaploadingTip_ORIGINAL_DE
1,17,4,1,Tooltip_Deathmatch,#CSO_MaploadingTip_DM_BOT
1,17,5,1,Tooltip_TeamDeathmatch,#CSO_MaploadingTip_TDM_BOT
1,17,8,1,Tooltip_Zombie,#CSO_MaploadingTip_ZM
1,17,9,1,Tooltip_Zombie2_01,#CSO_MaploadingTip_ZM2
1,17,9,1,Tooltip_Zombie2_02,#CSO_MaploadingTip_ZM2
1,17,9,1,Tooltip_Zombie2_03,#CSO_MaploadingTip_ZM2
1,17,9,1,Tooltip_Zombie2_04,#CSO_MaploadingTip_ZM2
1,17,9,1,Tooltip_Zombie2_05,#CSO_MaploadingTip_ZM2
1,17,14,1,Tooltip_Zombie3_01,#CSO_MaploadingTip_ZM3
1,17,14,1,Tooltip_Zombie3_02,#CSO_MaploadingTip_ZM3
1,17,14,1,Tooltip_Zombie3_03,#CSO_MaploadingTip_ZM3
1,18,0,1,Tooltip_Original_DE,#CSO_MaploadingTip_ORIGINAL_DE
1,18,1,1,Tooltip_Deathmatch,#CSO_MaploadingTip_DM
1,18,2,1,Tooltip_TeamDeathmatch,#CSO_MaploadingTip_TDM
1,18,3,1,Tooltip_Original_DE,#CSO_MaploadingTip_ORIGINAL_DE
1,18,4,1,Tooltip_Deathmatch,#CSO_MaploadingTip_DM_BOT
1,18,5,1,Tooltip_TeamDeathmatch,#CSO_MaploadingTip_TDM_BOT
1,18,8,1,Tooltip_Zombie,#CSO_MaploadingTip_ZM
1,18,9,1,Tooltip_Zombie2_01,#CSO_MaploadingTip_ZM2
1,18,9,1,Tooltip_Zombie2_02,#CSO_MaploadingTip_ZM2
1,18,9,1,Tooltip_Zombie2_03,#CSO_MaploadingTip_ZM2
1,18,9,1,Tooltip_Zombie2_04,#CSO_MaploadingTip_ZM2
1,18,9,1,Tooltip_Zombie2_05,#CSO_MaploadingTip_ZM2
1,18,11,1,Tooltip_ZombieUnite,#CSO_MaploadingTip_ZTDM
1,18,13,1,Tooltip_ZombieUnite_DM,#CSO_MaploadingTip_ZTDM_ANN
1,18,14,1,Tooltip_Zombie3_01,#CSO_MaploadingTip_ZM3
1,18,14,1,Tooltip_Zombie3_02,#CSO_MaploadingTip_ZM3
1,18,14,1,Tooltip_Zombie3_03,#CSO_MaploadingTip_ZM3
1,19,0,1,Tooltip_Original_CS,#CSO_MaploadingTip_ORIGINAL_CS
1,19,1,1,Tooltip_Deathmatch,#CSO_MaploadingTip_DM
1,19,2,1,Tooltip_TeamDeathmatch,#CSO_MaploadingTip_TDM
1,19,3,1,Tooltip_Original_CS,#CSO_MaploadingTip_ORIGINAL_CS
1,19,4,1,Tooltip_Deathmatch,#CSO_MaploadingTip_DM_BOT
1,19,5,1,Tooltip_TeamDeathmatch,#CSO_MaploadingTip_TDM_BOT
1,19,8,1,Tooltip_Zombie,#CSO_MaploadingTip_ZM
1,19,9,1,Tooltip_Zombie2_01,#CSO_MaploadingTip_ZM2
1,19,9,1,Tooltip_Zombie2_02,#CSO_MaploadingTip_ZM2
1,19,9,1,Tooltip_Zombie2_03,#CSO_MaploadingTip_ZM2
1,19,9,1,Tooltip_Zombie2_04,#CSO_MaploadingTip_ZM2
1,19,9,1,Tooltip_Zombie2_05,#CSO_MaploadingTip_ZM2
1,19,11,1,Tooltip_ZombieUnite,#CSO_MaploadingTip_ZTDM
1,19,13,1,Tooltip_ZombieUnite_DM,#CSO_MaploadingTip_ZTDM_ANN
1,19,14,1,Tooltip_Zombie3_01,#CSO_MaploadingTip_ZM3
1,19,14,1,Tooltip_Zombie3_02,#CSO_MaploadingTip_ZM3
1,19,14,1,Tooltip_Zombie3_03,#CSO_MaploadingTip_ZM3
1,19,22,1,Tooltip_GDM_01,#CSO_MaploadingTip_GDM_01
1,19,22,1,Tooltip_GDM_02,#CSO_MaploadingTip_GDM_02
1,19,29,1,Tooltip_Zombie4_01,#CSO_MaploadingTip_ZM4
1,19,29,1,Tooltip_Zombie4_02,#CSO_MaploadingTip_ZM4
1,19,29,1,Tooltip_Zombie4_03,#CSO_MaploadingTip_ZM4
1,19,29,1,Tooltip_Zombie4_04,#CSO_MaploadingTip_ZM4
1,19,29,1,Tooltip_Zombie4_05,#CSO_MaploadingTip_ZM4
1,20,0,1,Tooltip_Original_CS,#CSO_MaploadingTip_ORIGINAL_CS
1,20,1,1,Tooltip_Deathmatch,#CSO_MaploadingTip_DM
1,20,2,1,Tooltip_TeamDeathmatch,#CSO_MaploadingTip_TDM
1,20,3,1,Tooltip_Original_CS,#CSO_MaploadingTip_ORIGINAL_CS
1,20,4,1,Tooltip_Deathmatch,#CSO_MaploadingTip_DM_BOT
1,20,5,1,Tooltip_TeamDeathmatch,#CSO_MaploadingTip_TDM_BOT
1,20,8,1,Tooltip_Zombie,#CSO_MaploadingTip_ZM
1,20,9,1,Tooltip_Zombie2_01,#CSO_MaploadingTip_ZM2
1,20,9,1,Tooltip_Zombie2_02,#CSO_MaploadingTip_ZM2
1,20,9,1,Tooltip_Zombie2_03,#CSO_MaploadingTip_ZM2
1,20,9,1,Tooltip_Zombie2_04,#CSO_MaploadingTip_ZM2
1,20,9,1,Tooltip_Zombie2_05,#CSO_MaploadingTip_ZM2
1,20,11,1,Tooltip_ZombieUnite,#CSO_MaploadingTip_ZTDM
1,20,13,1,Tooltip_ZombieUnite_DM,#CSO_MaploadingTip_ZTDM_ANN
1,20,14,1,Tooltip_Zombie3_01,#CSO_MaploadingTip_ZM3
1,20,14,1,Tooltip_Zombie3_02,#CSO_MaploadingTip_ZM3
1,20,14,1,Tooltip_Zombie3_03,#CSO_MaploadingTip_ZM3
1,21,0,1,Tooltip_Original_CS,#CSO_MaploadingTip_ORIGINAL_CS
1,21,1,1,Tooltip_Deathmatch,#CSO_MaploadingTip_DM
1,21,2,1,Tooltip_TeamDeathmatch,#CSO_MaploadingTip_TDM
1,21,3,1,Tooltip_Original_CS,#CSO_MaploadingTip_ORIGINAL_CS
1,21,4,1,Tooltip_Deathmatch,#CSO_MaploadingTip_DM_BOT
1,21,5,1,Tooltip_TeamDeathmatch,#CSO_MaploadingTip_TDM_BOT
1,21,8,1,Tooltip_Zombie,#CSO_MaploadingTip_ZM
1,21,9,1,Tooltip_Zombie2_01,#CSO_MaploadingTip_ZM2
1,21,9,1,Tooltip_Zombie2_02,#CSO_MaploadingTip_ZM2
1,21,9,1,Tooltip_Zombie2_03,#CSO_MaploadingTip_ZM2
1,21,9,1,Tooltip_Zombie2_04,#CSO_MaploadingTip_ZM2
1,21,9,1,Tooltip_Zombie2_05,#CSO_MaploadingTip_ZM2
1,21,11,1,Tooltip_ZombieUnite,#CSO_MaploadingTip_ZTDM
1,21,13,1,Tooltip_ZombieUnite_DM,#CSO_MaploadingTip_ZTDM_ANN
1,21,14,1,Tooltip_Zombie3_01,#CSO_MaploadingTip_ZM3
1,21,14,1,Tooltip_Zombie3_02,#CSO_MaploadingTip_ZM3
1,21,14,1,Tooltip_Zombie3_03,#CSO_MaploadingTip_ZM3
1,22,0,1,Tooltip_Original_CS,#CSO_MaploadingTip_ORIGINAL_CS
1,22,1,1,Tooltip_Deathmatch,#CSO_MaploadingTip_DM
1,22,2,1,Tooltip_TeamDeathmatch,#CSO_MaploadingTip_TDM
1,22,3,1,Tooltip_Original_CS,#CSO_MaploadingTip_ORIGINAL_CS
1,22,4,1,Tooltip_Deathmatch,#CSO_MaploadingTip_DM_BOT
1,22,5,1,Tooltip_TeamDeathmatch,#CSO_MaploadingTip_TDM_BOT
1,22,8,1,Tooltip_Zombie,#CSO_MaploadingTip_ZM
1,22,8,1,Tooltip_Zombie,#CSO_MaploadingTip_ZM
1,22,9,1,Tooltip_Zombie2_01,#CSO_MaploadingTip_ZM2
1,22,9,1,Tooltip_Zombie2_02,#CSO_MaploadingTip_ZM2
1,22,9,1,Tooltip_Zombie2_03,#CSO_MaploadingTip_ZM2
1,22,9,1,Tooltip_Zombie2_04,#CSO_MaploadingTip_ZM2
1,22,9,1,Tooltip_Zombie2_05,#CSO_MaploadingTip_ZM2
1,22,11,1,Tooltip_ZombieUnite,#CSO_MaploadingTip_ZTDM
1,22,13,1,Tooltip_ZombieUnite_DM,#CSO_MaploadingTip_ZTDM_ANN
1,22,14,1,Tooltip_Zombie3_01,#CSO_MaploadingTip_ZM3
1,22,14,1,Tooltip_Zombie3_02,#CSO_MaploadingTip_ZM3
1,22,14,1,Tooltip_Zombie3_03,#CSO_MaploadingTip_ZM3
1,22,22,1,Tooltip_GDM_01,#CSO_MaploadingTip_GDM_01
1,22,22,1,Tooltip_GDM_02,#CSO_MaploadingTip_GDM_02
1,22,29,1,Tooltip_Zombie4_01,#CSO_MaploadingTip_ZM4
1,22,29,1,Tooltip_Zombie4_02,#CSO_MaploadingTip_ZM4
1,22,29,1,Tooltip_Zombie4_03,#CSO_MaploadingTip_ZM4
1,22,29,1,Tooltip_Zombie4_04,#CSO_MaploadingTip_ZM4
1,22,29,1,Tooltip_Zombie4_05,#CSO_MaploadingTip_ZM4
1,23,0,1,Tooltip_Original_CS,#CSO_MaploadingTip_ORIGINAL_CS
1,23,1,1,Tooltip_Deathmatch,#CSO_MaploadingTip_DM
1,23,2,1,Tooltip_TeamDeathmatch,#CSO_MaploadingTip_TDM
1,23,3,1,Tooltip_Original_CS,#CSO_MaploadingTip_ORIGINAL_CS
1,23,4,1,Tooltip_Deathmatch,#CSO_MaploadingTip_DM_BOT
1,23,5,1,Tooltip_TeamDeathmatch,#CSO_MaploadingTip_TDM_BOT
1,23,8,1,Tooltip_Zombie,#CSO_MaploadingTip_ZM
1,23,9,1,Tooltip_Zombie2_01,#CSO_MaploadingTip_ZM2
1,23,9,1,Tooltip_Zombie2_02,#CSO_MaploadingTip_ZM2
1,23,9,1,Tooltip_Zombie2_03,#CSO_MaploadingTip_ZM2
1,23,9,1,Tooltip_Zombie2_04,#CSO_MaploadingTip_ZM2
1,23,9,1,Tooltip_Zombie2_05,#CSO_MaploadingTip_ZM2
1,23,11,1,Tooltip_ZombieUnite,#CSO_MaploadingTip_ZTDM
1,23,13,1,Tooltip_ZombieUnite_DM,#CSO_MaploadingTip_ZTDM_ANN
1,23,14,1,Tooltip_Zombie3_01,#CSO_MaploadingTip_ZM3
1,23,14,1,Tooltip_Zombie3_02,#CSO_MaploadingTip_ZM3
1,23,14,1,Tooltip_Zombie3_03,#CSO_MaploadingTip_ZM3
1,24,0,1,Tooltip_Original_CS,#CSO_MaploadingTip_ORIGINAL_CS
1,24,1,1,Tooltip_Deathmatch,#CSO_MaploadingTip_DM
1,24,2,1,Tooltip_TeamDeathmatch,#CSO_MaploadingTip_TDM
1,24,3,1,Tooltip_Original_CS,#CSO_MaploadingTip_ORIGINAL_CS
1,24,4,1,Tooltip_Deathmatch,#CSO_MaploadingTip_DM_BOT
1,24,5,1,Tooltip_TeamDeathmatch,#CSO_MaploadingTip_TDM_BOT
1,24,8,1,Tooltip_Zombie,#CSO_MaploadingTip_ZM
1,24,9,1,Tooltip_Zombie2_01,#CSO_MaploadingTip_ZM2
1,24,9,1,Tooltip_Zombie2_02,#CSO_MaploadingTip_ZM2
1,24,9,1,Tooltip_Zombie2_03,#CSO_MaploadingTip_ZM2
1,24,9,1,Tooltip_Zombie2_04,#CSO_MaploadingTip_ZM2
1,24,9,1,Tooltip_Zombie2_05,#CSO_MaploadingTip_ZM2
1,24,11,1,Tooltip_ZombieUnite,#CSO_MaploadingTip_ZTDM
1,24,13,1,Tooltip_ZombieUnite_DM,#CSO_MaploadingTip_ZTDM_ANN
1,24,14,1,Tooltip_Zombie3_01,#CSO_MaploadingTip_ZM3
1,24,14,1,Tooltip_Zombie3_02,#CSO_MaploadingTip_ZM3
1,24,14,1,Tooltip_Zombie3_03,#CSO_MaploadingTip_ZM3
1,25,0,1,Tooltip_Original_CS,#CSO_MaploadingTip_ORIGINAL_CS
1,25,1,1,Tooltip_Deathmatch,#CSO_MaploadingTip_DM
1,25,2,1,Tooltip_TeamDeathmatch,#CSO_MaploadingTip_TDM
1,25,3,1,Tooltip_Original_CS,#CSO_MaploadingTip_ORIGINAL_CS
1,25,4,1,Tooltip_Deathmatch,#CSO_MaploadingTip_DM_BOT
1,25,5,1,Tooltip_TeamDeathmatch,#CSO_MaploadingTip_TDM_BOT
1,25,8,1,Tooltip_Zombie,#CSO_MaploadingTip_ZM
1,25,9,1,Tooltip_Zombie2_01,#CSO_MaploadingTip_ZM2
1,25,9,1,Tooltip_Zombie2_02,#CSO_MaploadingTip_ZM2
1,25,9,1,Tooltip_Zombie2_03,#CSO_MaploadingTip_ZM2
1,25,9,1,Tooltip_Zombie2_04,#CSO_MaploadingTip_ZM2
1,25,9,1,Tooltip_Zombie2_05,#CSO_MaploadingTip_ZM2
1,25,11,1,Tooltip_ZombieUnite,#CSO_MaploadingTip_ZTDM
1,25,13,1,Tooltip_ZombieUnite_DM,#CSO_MaploadingTip_ZTDM_ANN
1,25,14,1,Tooltip_Zombie3_01,#CSO_MaploadingTip_ZM3
1,25,14,1,Tooltip_Zombie3_02,#CSO_MaploadingTip_ZM3
1,25,14,1,Tooltip_Zombie3_03,#CSO_MaploadingTip_ZM3
1,26,0,1,Tooltip_Original_CS,#CSO_MaploadingTip_ORIGINAL_CS
1,26,1,1,Tooltip_Deathmatch,#CSO_MaploadingTip_DM
1,26,2,1,Tooltip_TeamDeathmatch,#CSO_MaploadingTip_TDM
1,26,3,1,Tooltip_Original_CS,#CSO_MaploadingTip_ORIGINAL_CS
1,26,4,1,Tooltip_Deathmatch,#CSO_MaploadingTip_DM_BOT
1,26,5,1,Tooltip_TeamDeathmatch,#CSO_MaploadingTip_TDM_BOT
1,26,8,1,Tooltip_Zombie,#CSO_MaploadingTip_ZM
1,26,9,1,Tooltip_Zombie2_01,#CSO_MaploadingTip_ZM2
1,26,9,1,Tooltip_Zombie2_02,#CSO_MaploadingTip_ZM2
1,26,9,1,Tooltip_Zombie2_03,#CSO_MaploadingTip_ZM2
1,26,9,1,Tooltip_Zombie2_04,#CSO_MaploadingTip_ZM2
1,26,9,1,Tooltip_Zombie2_05,#CSO_MaploadingTip_ZM2
1,26,11,1,Tooltip_ZombieUnite,#CSO_MaploadingTip_ZTDM
1,26,13,1,Tooltip_ZombieUnite_DM,#CSO_MaploadingTip_ZTDM_ANN
1,26,14,1,Tooltip_Zombie3_01,#CSO_MaploadingTip_ZM3
1,26,14,1,Tooltip_Zombie3_02,#CSO_MaploadingTip_ZM3
1,26,14,1,Tooltip_Zombie3_03,#CSO_MaploadingTip_ZM3
1,27,0,1,Tooltip_Original_CS,#CSO_MaploadingTip_ORIGINAL_CS
1,27,1,1,Tooltip_Deathmatch,#CSO_MaploadingTip_DM
1,27,2,1,Tooltip_TeamDeathmatch,#CSO_MaploadingTip_TDM
1,27,3,1,Tooltip_Original_CS,#CSO_MaploadingTip_ORIGINAL_CS
1,27,4,1,Tooltip_Deathmatch,#CSO_MaploadingTip_DM_BOT
1,27,5,1,Tooltip_TeamDeathmatch,#CSO_MaploadingTip_TDM_BOT
1,27,8,1,Tooltip_Zombie,#CSO_MaploadingTip_ZM
1,27,9,1,Tooltip_Zombie2_01,#CSO_MaploadingTip_ZM2
1,27,9,1,Tooltip_Zombie2_02,#CSO_MaploadingTip_ZM2
1,27,9,1,Tooltip_Zombie2_03,#CSO_MaploadingTip_ZM2
1,27,9,1,Tooltip_Zombie2_04,#CSO_MaploadingTip_ZM2
1,27,9,1,Tooltip_Zombie2_05,#CSO_MaploadingTip_ZM2
1,27,11,1,Tooltip_ZombieUnite,#CSO_MaploadingTip_ZTDM
1,27,13,1,Tooltip_ZombieUnite_DM,#CSO_MaploadingTip_ZTDM_ANN
1,27,14,1,Tooltip_Zombie3_01,#CSO_MaploadingTip_ZM3
1,27,14,1,Tooltip_Zombie3_02,#CSO_MaploadingTip_ZM3
1,27,14,1,Tooltip_Zombie3_03,#CSO_MaploadingTip_ZM3
1,28,0,1,Tooltip_Original_AS,#CSO_MaploadingTip_ORIGINAL_AS
1,28,1,1,Tooltip_Deathmatch,#CSO_MaploadingTip_DM
1,28,2,1,Tooltip_TeamDeathmatch,#CSO_MaploadingTip_TDM
1,28,3,1,Tooltip_Original_AS,#CSO_MaploadingTip_ORIGINAL_AS
1,28,4,1,Tooltip_Deathmatch,#CSO_MaploadingTip_DM_BOT
1,28,5,1,Tooltip_TeamDeathmatch,#CSO_MaploadingTip_TDM_BOT
1,28,8,1,Tooltip_Zombie,#CSO_MaploadingTip_ZM
1,28,8,1,Tooltip_Zombie,#CSO_MaploadingTip_ZM
1,28,9,1,Tooltip_Zombie2_01,#CSO_MaploadingTip_ZM2
1,28,9,1,Tooltip_Zombie2_02,#CSO_MaploadingTip_ZM2
1,28,9,1,Tooltip_Zombie2_03,#CSO_MaploadingTip_ZM2
1,28,9,1,Tooltip_Zombie2_04,#CSO_MaploadingTip_ZM2
1,28,9,1,Tooltip_Zombie2_05,#CSO_MaploadingTip_ZM2
1,28,14,1,Tooltip_Zombie3_01,#CSO_MaploadingTip_ZM3
1,28,14,1,Tooltip_Zombie3_02,#CSO_MaploadingTip_ZM3
1,28,14,1,Tooltip_Zombie3_03,#CSO_MaploadingTip_ZM3
1,29,0,1,Tooltip_Original_DM,#CSO_MaploadingTip_ORIGINAL_DM
1,29,1,1,Tooltip_Deathmatch,#CSO_MaploadingTip_DM
1,29,2,1,Tooltip_TeamDeathmatch,#CSO_MaploadingTip_TDM
1,29,3,1,Tooltip_Original_DM,#CSO_MaploadingTip_ORIGINAL_DM
1,29,4,1,Tooltip_Deathmatch,#CSO_MaploadingTip_DM_BOT
1,29,5,1,Tooltip_TeamDeathmatch,#CSO_MaploadingTip_TDM_BOT
1,30,0,1,Tooltip_Original_DM,#CSO_MaploadingTip_ORIGINAL_DM
1,30,1,1,Tooltip_Deathmatch,#CSO_MaploadingTip_DM
1,30,2,1,Tooltip_TeamDeathmatch,#CSO_MaploadingTip_TDM
1,30,3,1,Tooltip_Original_DM,#CSO_MaploadingTip_ORIGINAL_DM
1,30,4,1,Tooltip_Deathmatch,#CSO_MaploadingTip_DM_BOT
1,30,5,1,Tooltip_TeamDeathmatch,#CSO_MaploadingTip_TDM_BOT
1,31,8,1,Tooltip_Zombie,#CSO_MaploadingTip_ZM
1,31,9,1,Tooltip_Zombie2_01,#CSO_MaploadingTip_ZM2
1,31,9,1,Tooltip_Zombie2_02,#CSO_MaploadingTip_ZM2
1,31,9,1,Tooltip_Zombie2_03,#CSO_MaploadingTip_ZM2
1,31,9,1,Tooltip_Zombie2_04,#CSO_MaploadingTip_ZM2
1,31,9,1,Tooltip_Zombie2_05,#CSO_MaploadingTip_ZM2
1,31,14,1,Tooltip_Zombie3_01,#CSO_MaploadingTip_ZM3
1,31,14,1,Tooltip_Zombie3_02,#CSO_MaploadingTip_ZM3
1,31,14,1,Tooltip_Zombie3_03,#CSO_MaploadingTip_ZM3
1,32,0,1,Tooltip_Original_DE,#CSO_MaploadingTip_ORIGINAL_DE
1,32,1,1,Tooltip_Deathmatch,#CSO_MaploadingTip_DM
1,32,2,1,Tooltip_TeamDeathmatch,#CSO_MaploadingTip_TDM
1,32,3,1,Tooltip_Original_DE,#CSO_MaploadingTip_ORIGINAL_DE
1,32,4,1,Tooltip_Deathmatch,#CSO_MaploadingTip_DM_BOT
1,32,5,1,Tooltip_TeamDeathmatch,#CSO_MaploadingTip_TDM_BOT
1,32,8,1,Tooltip_Zombie,#CSO_MaploadingTip_ZM
1,32,9,1,Tooltip_Zombie2_01,#CSO_MaploadingTip_ZM2
1,32,9,1,Tooltip_Zombie2_02,#CSO_MaploadingTip_ZM2
1,32,9,1,Tooltip_Zombie2_03,#CSO_MaploadingTip_ZM2
1,32,9,1,Tooltip_Zombie2_04,#CSO_MaploadingTip_ZM2
1,32,9,1,Tooltip_Zombie2_05,#CSO_MaploadingTip_ZM2
1,32,11,1,Tooltip_ZombieUnite,#CSO_MaploadingTip_ZTDM
1,32,13,1,Tooltip_ZombieUnite_DM,#CSO_MaploadingTip_ZTDM_ANN
1,32,14,1,Tooltip_Zombie3_01,#CSO_MaploadingTip_ZM3
1,32,14,1,Tooltip_Zombie3_02,#CSO_MaploadingTip_ZM3
1,32,14,1,Tooltip_Zombie3_03,#CSO_MaploadingTip_ZM3
1,33,0,1,Tooltip_Original_DM,#CSO_MaploadingTip_ORIGINAL_DM
1,33,1,1,Tooltip_Deathmatch,#CSO_MaploadingTip_DM
1,33,2,1,Tooltip_TeamDeathmatch,#CSO_MaploadingTip_TDM
1,33,3,1,Tooltip_Original_DM,#CSO_MaploadingTip_ORIGINAL_DM
1,33,4,1,Tooltip_Deathmatch,#CSO_MaploadingTip_DM_BOT
1,33,5,1,Tooltip_TeamDeathmatch,#CSO_MaploadingTip_TDM_BOT
1,50,0,1,Tooltip_Original_DE,#CSO_MaploadingTip_ORIGINAL_DE
1,50,1,1,Tooltip_Deathmatch,#CSO_MaploadingTip_DM
1,50,2,1,Tooltip_TeamDeathmatch,#CSO_MaploadingTip_TDM
1,50,3,1,Tooltip_Original_DE,#CSO_MaploadingTip_ORIGINAL_DE
1,50,4,1,Tooltip_Deathmatch,#CSO_MaploadingTip_DM_BOT
1,50,5,1,Tooltip_TeamDeathmatch,#CSO_MaploadingTip_TDM_BOT
1,51,0,1,Tooltip_Original_DE,#CSO_MaploadingTip_ORIGINAL_DE
1,51,1,1,Tooltip_Deathmatch,#CSO_MaploadingTip_DM
1,51,2,1,Tooltip_TeamDeathmatch,#CSO_MaploadingTip_TDM
1,51,3,1,Tooltip_Original_DE,#CSO_MaploadingTip_ORIGINAL_DE
1,51,4,1,Tooltip_Deathmatch,#CSO_MaploadingTip_DM_BOT
1,51,5,1,Tooltip_TeamDeathmatch,#CSO_MaploadingTip_TDM_BOT
1,51,8,1,Tooltip_Zombie,#CSO_MaploadingTip_ZM
1,51,9,1,Tooltip_Zombie2_01,#CSO_MaploadingTip_ZM2
1,51,9,1,Tooltip_Zombie2_02,#CSO_MaploadingTip_ZM2
1,51,9,1,Tooltip_Zombie2_03,#CSO_MaploadingTip_ZM2
1,51,9,1,Tooltip_Zombie2_04,#CSO_MaploadingTip_ZM2
1,51,9,1,Tooltip_Zombie2_05,#CSO_MaploadingTip_ZM2
1,51,11,1,Tooltip_ZombieUnite,#CSO_MaploadingTip_ZTDM
1,51,13,1,Tooltip_ZombieUnite_DM,#CSO_MaploadingTip_ZTDM_ANN
1,51,14,1,Tooltip_Zombie3_01,#CSO_MaploadingTip_ZM3
1,51,14,1,Tooltip_Zombie3_02,#CSO_MaploadingTip_ZM3
1,51,14,1,Tooltip_Zombie3_03,#CSO_MaploadingTip_ZM3
1,52,0,1,Tooltip_Original_DE,#CSO_MaploadingTip_ORIGINAL_DE
1,52,1,1,Tooltip_Deathmatch,#CSO_MaploadingTip_DM
1,52,2,1,Tooltip_TeamDeathmatch,#CSO_MaploadingTip_TDM
1,52,3,1,Tooltip_Original_DE,#CSO_MaploadingTip_ORIGINAL_DE
1,52,4,1,Tooltip_Deathmatch,#CSO_MaploadingTip_DM_BOT
1,52,5,1,Tooltip_TeamDeathmatch,#CSO_MaploadingTip_TDM_BOT
1,53,0,1,Tooltip_Original_DE,#CSO_MaploadingTip_ORIGINAL_DE
1,53,1,1,Tooltip_Deathmatch,#CSO_MaploadingTip_DM
1,53,2,1,Tooltip_TeamDeathmatch,#CSO_MaploadingTip_TDM
1,53,3,1,Tooltip_Original_DE,#CSO_MaploadingTip_ORIGINAL_DE
1,53,4,1,Tooltip_Deathmatch,#CSO_MaploadingTip_DM_BOT
1,53,5,1,Tooltip_TeamDeathmatch,#CSO_MaploadingTip_TDM_BOT
1,53,8,1,Tooltip_Zombie,#CSO_MaploadingTip_ZM
1,53,9,1,Tooltip_Zombie2_01,#CSO_MaploadingTip_ZM2
1,53,9,1,Tooltip_Zombie2_02,#CSO_MaploadingTip_ZM2
1,53,9,1,Tooltip_Zombie2_03,#CSO_MaploadingTip_ZM2
1,53,9,1,Tooltip_Zombie2_04,#CSO_MaploadingTip_ZM2
1,53,9,1,Tooltip_Zombie2_05,#CSO_MaploadingTip_ZM2
1,53,14,1,Tooltip_Zombie3_01,#CSO_MaploadingTip_ZM3
1,53,14,1,Tooltip_Zombie3_02,#CSO_MaploadingTip_ZM3
1,53,14,1,Tooltip_Zombie3_03,#CSO_MaploadingTip_ZM3
1,54,0,1,Tooltip_Original_DE,#CSO_MaploadingTip_ORIGINAL_DE
1,54,1,1,Tooltip_Deathmatch,#CSO_MaploadingTip_DM
1,54,2,1,Tooltip_TeamDeathmatch,#CSO_MaploadingTip_TDM
1,54,3,1,Tooltip_Original_DE,#CSO_MaploadingTip_ORIGINAL_DE
1,54,4,1,Tooltip_Deathmatch,#CSO_MaploadingTip_DM_BOT
1,54,5,1,Tooltip_TeamDeathmatch,#CSO_MaploadingTip_TDM_BOT
1,54,8,1,Tooltip_Zombie,#CSO_MaploadingTip_ZM
1,54,9,1,Tooltip_Zombie2_01,#CSO_MaploadingTip_ZM2
1,54,9,1,Tooltip_Zombie2_02,#CSO_MaploadingTip_ZM2
1,54,9,1,Tooltip_Zombie2_03,#CSO_MaploadingTip_ZM2
1,54,9,1,Tooltip_Zombie2_04,#CSO_MaploadingTip_ZM2
1,54,9,1,Tooltip_Zombie2_05,#CSO_MaploadingTip_ZM2
1,54,14,1,Tooltip_Zombie3_01,#CSO_MaploadingTip_ZM3
1,54,14,1,Tooltip_Zombie3_02,#CSO_MaploadingTip_ZM3
1,54,14,1,Tooltip_Zombie3_03,#CSO_MaploadingTip_ZM3
1,55,0,1,Tooltip_Original_DM,#CSO_MaploadingTip_ORIGINAL_DM
1,55,1,1,Tooltip_Deathmatch,#CSO_MaploadingTip_DM
1,55,2,1,Tooltip_TeamDeathmatch,#CSO_MaploadingTip_TDM
1,55,3,1,Tooltip_Original_DM,#CSO_MaploadingTip_ORIGINAL_DM
1,55,4,1,Tooltip_Deathmatch,#CSO_MaploadingTip_DM_BOT
1,55,5,1,Tooltip_TeamDeathmatch,#CSO_MaploadingTip_TDM_BOT
1,55,11,1,Tooltip_ZombieUnite,#CSO_MaploadingTip_ZTDM
1,55,13,1,Tooltip_ZombieUnite_DM,#CSO_MaploadingTip_ZTDM_ANN
1,60,0,1,Tooltip_Original_DM,#CSO_MaploadingTip_ORIGINAL_DM
1,60,1,1,Tooltip_Deathmatch,#CSO_MaploadingTip_DM
1,60,2,1,Tooltip_TeamDeathmatch,#CSO_MaploadingTip_TDM
1,60,3,1,Tooltip_Original_DM,#CSO_MaploadingTip_ORIGINAL_DM
1,60,4,1,Tooltip_Deathmatch,#CSO_MaploadingTip_DM_BOT
1,60,5,1,Tooltip_TeamDeathmatch,#CSO_MaploadingTip_TDM_BOT
1,60,22,1,Tooltip_GDM_01,#CSO_MaploadingTip_GDM_01
1,60,22,1,Tooltip_GDM_02,#CSO_MaploadingTip_GDM_02
1,61,0,1,Tooltip_Original_DE,#CSO_MaploadingTip_ORIGINAL_DE
1,61,1,1,Tooltip_Deathmatch,#CSO_MaploadingTip_DM
1,61,2,1,Tooltip_TeamDeathmatch,#CSO_MaploadingTip_TDM
1,61,3,1,Tooltip_Original_DE,#CSO_MaploadingTip_ORIGINAL_DE
1,61,4,1,Tooltip_Deathmatch,#CSO_MaploadingTip_DM_BOT
1,61,5,1,Tooltip_TeamDeathmatch,#CSO_MaploadingTip_TDM_BOT
1,62,0,1,Tooltip_Original_DE,#CSO_MaploadingTip_ORIGINAL_DE
1,62,1,1,Tooltip_Deathmatch,#CSO_MaploadingTip_DM
1,62,2,1,Tooltip_TeamDeathmatch,#CSO_MaploadingTip_TDM
1,62,3,1,Tooltip_Original_DE,#CSO_MaploadingTip_ORIGINAL_DE
1,62,4,1,Tooltip_Deathmatch,#CSO_MaploadingTip_DM_BOT
1,62,5,1,Tooltip_TeamDeathmatch,#CSO_MaploadingTip_TDM_BOT
1,62,8,1,Tooltip_Zombie,#CSO_MaploadingTip_ZM
1,62,9,1,Tooltip_Zombie2_01,#CSO_MaploadingTip_ZM2
1,62,9,1,Tooltip_Zombie2_02,#CSO_MaploadingTip_ZM2
1,62,9,1,Tooltip_Zombie2_03,#CSO_MaploadingTip_ZM2
1,62,9,1,Tooltip_Zombie2_04,#CSO_MaploadingTip_ZM2
1,62,9,1,Tooltip_Zombie2_05,#CSO_MaploadingTip_ZM2
1,62,11,1,Tooltip_ZombieUnite,#CSO_MaploadingTip_ZTDM
1,62,13,1,Tooltip_ZombieUnite_DM,#CSO_MaploadingTip_ZTDM_ANN
1,62,14,1,Tooltip_Zombie3_01,#CSO_MaploadingTip_ZM3
1,62,14,1,Tooltip_Zombie3_02,#CSO_MaploadingTip_ZM3
1,62,14,1,Tooltip_Zombie3_03,#CSO_MaploadingTip_ZM3
1,63,0,1,Tooltip_Original_DE,#CSO_MaploadingTip_ORIGINAL_DE
1,63,1,1,Tooltip_Deathmatch,#CSO_MaploadingTip_DM
1,63,2,1,Tooltip_TeamDeathmatch,#CSO_MaploadingTip_TDM
1,63,3,1,Tooltip_Original_DE,#CSO_MaploadingTip_ORIGINAL_DE
1,63,4,1,Tooltip_Deathmatch,#CSO_MaploadingTip_DM_BOT
1,63,5,1,Tooltip_TeamDeathmatch,#CSO_MaploadingTip_TDM_BOT
1,63,8,1,Tooltip_Zombie,#CSO_MaploadingTip_ZM
1,63,9,1,Tooltip_Zombie2_01,#CSO_MaploadingTip_ZM2
1,63,9,1,Tooltip_Zombie2_02,#CSO_MaploadingTip_ZM2
1,63,9,1,Tooltip_Zombie2_03,#CSO_MaploadingTip_ZM2
1,63,9,1,Tooltip_Zombie2_04,#CSO_MaploadingTip_ZM2
1,63,9,1,Tooltip_Zombie2_05,#CSO_MaploadingTip_ZM2
1,63,14,1,Tooltip_Zombie3_01,#CSO_MaploadingTip_ZM3
1,63,14,1,Tooltip_Zombie3_02,#CSO_MaploadingTip_ZM3
1,63,14,1,Tooltip_Zombie3_03,#CSO_MaploadingTip_ZM3
1,64,0,1,Tooltip_Original_CS,#CSO_MaploadingTip_ORIGINAL_CS
1,64,1,1,Tooltip_Deathmatch,#CSO_MaploadingTip_DM
1,64,2,1,Tooltip_TeamDeathmatch,#CSO_MaploadingTip_TDM
1,64,3,1,Tooltip_Original_CS,#CSO_MaploadingTip_ORIGINAL_CS
1,64,4,1,Tooltip_Deathmatch,#CSO_MaploadingTip_DM_BOT
1,64,5,1,Tooltip_TeamDeathmatch,#CSO_MaploadingTip_TDM_BOT
1,64,8,1,Tooltip_Zombie,#CSO_MaploadingTip_ZM
1,64,9,1,Tooltip_Zombie2_01,#CSO_MaploadingTip_ZM2
1,64,9,1,Tooltip_Zombie2_02,#CSO_MaploadingTip_ZM2
1,64,9,1,Tooltip_Zombie2_03,#CSO_MaploadingTip_ZM2
1,64,9,1,Tooltip_Zombie2_04,#CSO_MaploadingTip_ZM2
1,64,9,1,Tooltip_Zombie2_05,#CSO_MaploadingTip_ZM2
1,64,14,1,Tooltip_Zombie3_01,#CSO_MaploadingTip_ZM3
1,64,14,1,Tooltip_Zombie3_02,#CSO_MaploadingTip_ZM3
1,64,14,1,Tooltip_Zombie3_03,#CSO_MaploadingTip_ZM3
1,65,1,1,Tooltip_Deathmatch,#CSO_MaploadingTip_DM
1,65,2,1,Tooltip_TeamDeathmatch,#CSO_MaploadingTip_TDM
1,65,4,1,Tooltip_Deathmatch,#CSO_MaploadingTip_DM_BOT
1,65,5,1,Tooltip_TeamDeathmatch,#CSO_MaploadingTip_TDM_BOT
1,65,11,1,Tooltip_ZombieUnite,#CSO_MaploadingTip_ZTDM
1,65,13,1,Tooltip_ZombieUnite_DM,#CSO_MaploadingTip_ZTDM_ANN
1,66,0,1,Tooltip_Original_DE,#CSO_MaploadingTip_ORIGINAL_DE
1,66,1,1,Tooltip_Deathmatch,#CSO_MaploadingTip_DM
1,66,2,1,Tooltip_TeamDeathmatch,#CSO_MaploadingTip_TDM
1,66,3,1,Tooltip_Original_DE,#CSO_MaploadingTip_ORIGINAL_DE
1,66,4,1,Tooltip_Deathmatch,#CSO_MaploadingTip_DM_BOT
1,66,5,1,Tooltip_TeamDeathmatch,#CSO_MaploadingTip_TDM_BOT
1,67,0,1,Tooltip_Original_DM,#CSO_MaploadingTip_ORIGINAL_DM
1,67,1,1,Tooltip_Deathmatch,#CSO_MaploadingTip_DM
1,67,2,1,Tooltip_TeamDeathmatch,#CSO_MaploadingTip_TDM
1,67,3,1,Tooltip_Original_DM,#CSO_MaploadingTip_ORIGINAL_DM
1,67,4,1,Tooltip_Deathmatch,#CSO_MaploadingTip_DM_BOT
1,67,5,1,Tooltip_TeamDeathmatch,#CSO_MaploadingTip_TDM_BOT
1,67,8,1,Tooltip_Zombie,#CSO_MaploadingTip_ZM
1,67,9,1,Tooltip_Zombie2_01,#CSO_MaploadingTip_ZM2
1,67,9,1,Tooltip_Zombie2_02,#CSO_MaploadingTip_ZM2
1,67,9,1,Tooltip_Zombie2_03,#CSO_MaploadingTip_ZM2
1,67,9,1,Tooltip_Zombie2_04,#CSO_MaploadingTip_ZM2
1,67,9,1,Tooltip_Zombie2_05,#CSO_MaploadingTip_ZM2
1,67,11,1,Tooltip_ZombieUnite,#CSO_MaploadingTip_ZTDM
1,67,13,1,Tooltip_ZombieUnite_DM,#CSO_MaploadingTip_ZTDM_ANN
1,67,14,1,Tooltip_Zombie3_01,#CSO_MaploadingTip_ZM3
1,67,14,1,Tooltip_Zombie3_02,#CSO_MaploadingTip_ZM3
1,67,14,1,Tooltip_Zombie3_03,#CSO_MaploadingTip_ZM3
1,68,0,1,Tooltip_Original_DM,#CSO_MaploadingTip_ORIGINAL_DM
1,68,1,1,Tooltip_Deathmatch,#CSO_MaploadingTip_DM
1,68,2,1,Tooltip_TeamDeathmatch,#CSO_MaploadingTip_TDM
1,68,3,1,Tooltip_Original_DM,#CSO_MaploadingTip_ORIGINAL_DM
1,68,4,1,Tooltip_Deathmatch,#CSO_MaploadingTip_DM_BOT
1,68,5,1,Tooltip_TeamDeathmatch,#CSO_MaploadingTip_TDM_BOT
1,69,12,1,Tooltip_Chellange1,#CSO_MaploadingTIP_Chall
1,70,12,1,Tooltip_Chellange1,#CSO_MaploadingTIP_Chall
1,71,12,1,Tooltip_Chellange1,#CSO_MaploadingTIP_Chall
1,72,0,1,Tooltip_Original_DM,#CSO_MaploadingTip_ORIGINAL_DM
1,72,1,1,Tooltip_Deathmatch,#CSO_MaploadingTip_DM
1,72,2,1,Tooltip_TeamDeathmatch,#CSO_MaploadingTip_TDM
1,72,3,1,Tooltip_Original_DM,#CSO_MaploadingTip_ORIGINAL_DM
1,72,4,1,Tooltip_Deathmatch,#CSO_MaploadingTip_DM_BOT
1,72,5,1,Tooltip_TeamDeathmatch,#CSO_MaploadingTip_TDM_BOT
1,73,8,1,Tooltip_Zombie,#CSO_MaploadingTip_ZM
1,73,9,1,Tooltip_Zombie2_01,#CSO_MaploadingTip_ZM2
1,73,9,1,Tooltip_Zombie2_02,#CSO_MaploadingTip_ZM2
1,73,9,1,Tooltip_Zombie2_03,#CSO_MaploadingTip_ZM2
1,73,9,1,Tooltip_Zombie2_04,#CSO_MaploadingTip_ZM2
1,73,9,1,Tooltip_Zombie2_05,#CSO_MaploadingTip_ZM2
1,73,14,1,Tooltip_Zombie3_01,#CSO_MaploadingTip_ZM3
1,73,14,1,Tooltip_Zombie3_02,#CSO_MaploadingTip_ZM3
1,73,14,1,Tooltip_Zombie3_03,#CSO_MaploadingTip_ZM3
1,74,15,1,Tooltip_Lostcity,#CSO_MaploadingTip_Scen_Lostcity
1,75,15,1,Tooltip_2gate,#CSO_MaploadingTip_Scen_2gate
1,76,15,1,Tooltip_Trap,#CSO_MaploadingTip_Scen_Lostcity
1,77,15,1,Tooltip_Lastclue,#CSO_MaploadingTip_Scen_Lastclue
1,78,12,1,Tooltip_Chellange1,#CSO_MaploadingTIP_Chall
1,79,15,1,Tooltip_Lostcity,#CSO_MaploadingTip_Scen_Lostcity
1,80,15,1,Tooltip_2gate,#CSO_MaploadingTip_Scen_2gate
1,81,0,1,Tooltip_Original_DM,#CSO_MaploadingTip_ORIGINAL_DM
1,81,1,1,Tooltip_Deathmatch,#CSO_MaploadingTip_DM
1,81,2,1,Tooltip_TeamDeathmatch,#CSO_MaploadingTip_TDM
1,81,3,1,Tooltip_Original_DM,#CSO_MaploadingTip_ORIGINAL_DM
1,81,4,1,Tooltip_Deathmatch,#CSO_MaploadingTip_DM_BOT
1,81,5,1,Tooltip_TeamDeathmatch,#CSO_MaploadingTip_TDM_BOT
1,81,8,1,Tooltip_Zombie,#CSO_MaploadingTip_ZM
1,81,9,1,Tooltip_Zombie2_01,#CSO_MaploadingTip_ZM2
1,81,9,1,Tooltip_Zombie2_02,#CSO_MaploadingTip_ZM2
1,81,9,1,Tooltip_Zombie2_03,#CSO_MaploadingTip_ZM2
1,81,9,1,Tooltip_Zombie2_04,#CSO_MaploadingTip_ZM2
1,81,9,1,Tooltip_Zombie2_05,#CSO_MaploadingTip_ZM2
1,81,11,1,Tooltip_ZombieUnite,#CSO_MaploadingTip_ZTDM
1,81,13,1,Tooltip_ZombieUnite_DM,#CSO_MaploadingTip_ZTDM_ANN
1,81,14,1,Tooltip_Zombie3_01,#CSO_MaploadingTip_ZM3
1,81,14,1,Tooltip_Zombie3_02,#CSO_MaploadingTip_ZM3
1,81,14,1,Tooltip_Zombie3_03,#CSO_MaploadingTip_ZM3
1,81,22,1,Tooltip_GDM_01,#CSO_MaploadingTip_GDM_01
1,81,22,1,Tooltip_GDM_02,#CSO_MaploadingTip_GDM_02
1,82,0,1,Tooltip_Original_DM,#CSO_MaploadingTip_ORIGINAL_DM
1,82,1,1,Tooltip_Deathmatch,#CSO_MaploadingTip_DM
1,82,2,1,Tooltip_TeamDeathmatch,#CSO_MaploadingTip_TDM
1,82,3,1,Tooltip_Original_DM,#CSO_MaploadingTip_ORIGINAL_DM
1,82,4,1,Tooltip_Deathmatch,#CSO_MaploadingTip_DM_BOT
1,82,5,1,Tooltip_TeamDeathmatch,#CSO_MaploadingTip_TDM_BOT
1,83,16,1,Tooltip_Soccer_01,#CSO_MaploadingTip_Soccer_01
1,83,16,1,Tooltip_Soccer_01,#CSO_MaploadingTip_Soccer_02
1,83,16,1,Tooltip_Soccer_01,#CSO_MaploadingTip_Soccer_03
1,83,16,1,Tooltip_Soccer_01,#CSO_MaploadingTip_Soccer_04
1,83,16,1,Tooltip_Soccer_01,#CSO_MaploadingTip_Soccer_05
1,83,16,1,Tooltip_Soccer_01,#CSO_MaploadingTip_Soccer_06
1,83,16,1,Tooltip_Soccer_02,#CSO_MaploadingTip_Soccer_01
1,83,16,1,Tooltip_Soccer_02,#CSO_MaploadingTip_Soccer_02
1,83,16,1,Tooltip_Soccer_02,#CSO_MaploadingTip_Soccer_03
1,83,16,1,Tooltip_Soccer_02,#CSO_MaploadingTip_Soccer_04
1,83,16,1,Tooltip_Soccer_02,#CSO_MaploadingTip_Soccer_05
1,83,16,1,Tooltip_Soccer_03,#CSO_MaploadingTip_Soccer_01
1,83,16,1,Tooltip_Soccer_03,#CSO_MaploadingTip_Soccer_02
1,83,16,1,Tooltip_Soccer_03,#CSO_MaploadingTip_Soccer_03
1,83,16,1,Tooltip_Soccer_03,#CSO_MaploadingTip_Soccer_04
1,83,16,1,Tooltip_Soccer_03,#CSO_MaploadingTip_Soccer_05
1,83,16,1,Tooltip_Soccer_03,#CSO_MaploadingTip_Soccer_06
1,83,16,1,Tooltip_Soccer_04,#CSO_MaploadingTip_Soccer_01
1,83,16,1,Tooltip_Soccer_04,#CSO_MaploadingTip_Soccer_02
1,83,16,1,Tooltip_Soccer_04,#CSO_MaploadingTip_Soccer_03
1,83,16,1,Tooltip_Soccer_04,#CSO_MaploadingTip_Soccer_04
1,83,16,1,Tooltip_Soccer_04,#CSO_MaploadingTip_Soccer_05
1,83,16,1,Tooltip_Soccer_04,#CSO_MaploadingTip_Soccer_06
1,84,16,1,Tooltip_Soccer_01,#CSO_MaploadingTip_Soccer_01
1,84,16,1,Tooltip_Soccer_01,#CSO_MaploadingTip_Soccer_02
1,84,16,1,Tooltip_Soccer_01,#CSO_MaploadingTip_Soccer_03
1,84,16,1,Tooltip_Soccer_01,#CSO_MaploadingTip_Soccer_04
1,84,16,1,Tooltip_Soccer_01,#CSO_MaploadingTip_Soccer_05
1,84,16,1,Tooltip_Soccer_01,#CSO_MaploadingTip_Soccer_06
1,84,16,1,Tooltip_Soccer_02,#CSO_MaploadingTip_Soccer_01
1,84,16,1,Tooltip_Soccer_02,#CSO_MaploadingTip_Soccer_02
1,84,16,1,Tooltip_Soccer_02,#CSO_MaploadingTip_Soccer_03
1,84,16,1,Tooltip_Soccer_02,#CSO_MaploadingTip_Soccer_04
1,84,16,1,Tooltip_Soccer_02,#CSO_MaploadingTip_Soccer_05
1,84,16,1,Tooltip_Soccer_03,#CSO_MaploadingTip_Soccer_01
1,84,16,1,Tooltip_Soccer_03,#CSO_MaploadingTip_Soccer_02
1,84,16,1,Tooltip_Soccer_03,#CSO_MaploadingTip_Soccer_03
1,84,16,1,Tooltip_Soccer_03,#CSO_MaploadingTip_Soccer_04
1,84,16,1,Tooltip_Soccer_03,#CSO_MaploadingTip_Soccer_05
1,84,16,1,Tooltip_Soccer_03,#CSO_MaploadingTip_Soccer_06
1,84,16,1,Tooltip_Soccer_04,#CSO_MaploadingTip_Soccer_01
1,84,16,1,Tooltip_Soccer_04,#CSO_MaploadingTip_Soccer_02
1,84,16,1,Tooltip_Soccer_04,#CSO_MaploadingTip_Soccer_03
1,84,16,1,Tooltip_Soccer_04,#CSO_MaploadingTip_Soccer_04
1,84,16,1,Tooltip_Soccer_04,#CSO_MaploadingTip_Soccer_05
1,84,16,1,Tooltip_Soccer_04,#CSO_MaploadingTip_Soccer_06
1,85,15,1,Tooltip_chaos,#CSO_MaploadingTip_Scen_Lastclue
1,86,15,1,Tooltip_Lostcity,#CSO_MaploadingTip_Scen_Lostcity
1,87,15,1,Tooltip_2gate,#CSO_MaploadingTip_Scen_2gate
1,88,17,1,Tooltip_DesertStorm,#CSO_MaploadingTip_Scen_Desertstorm_01
1,88,17,1,Tooltip_DesertStorm,#CSO_MaploadingTip_Scen_Desertstorm_02
1,88,17,1,Tooltip_DesertStorm,#CSO_MaploadingTip_Scen_Desertstorm_03
1,88,17,1,Tooltip_DesertStorm,#CSO_MaploadingTip_Scen_Desertstorm_05
1,89,17,1,Tooltip_DesertStorm,#CSO_MaploadingTip_Scen_DesertstormHard_01
1,89,17,1,Tooltip_DesertStorm,#CSO_MaploadingTip_Scen_DesertstormHard_02
1,90,17,1,Tooltip_Hellfire,#CSO_MaploadingTip_Scen_Hellfire_01
1,90,17,1,Tooltip_Hellfire,#CSO_MaploadingTip_Scen_Hellfire_02
1,90,17,1,Tooltip_Hellfire,#CSO_MaploadingTip_Scen_Hellfire_03
1,90,17,1,Tooltip_Hellfire,#CSO_MaploadingTip_Scen_Hellfire_05
1,91,17,1,Tooltip_Mosque,#CSO_MaploadingTip_Scen_Mosque_01
1,91,17,1,Tooltip_Mosque,#CSO_MaploadingTip_Scen_Mosque_02
1,91,17,1,Tooltip_Mosque,#CSO_MaploadingTip_Scen_Mosque_03
1,91,17,1,Tooltip_Mosque,#CSO_MaploadingTip_Scen_Mosque_04
1,92,15,1,Tooltip_cube,#CSO_MaploadingTip_Scen_Cube_01
1,92,15,1,Tooltip_cube,#CSO_MaploadingTip_Scen_Cube_02
1,92,15,1,Tooltip_cube,#CSO_MaploadingTip_Scen_Cube_03
1,92,15,1,Tooltip_cube,#CSO_MaploadingTip_Scen_Cube_04
1,92,15,1,Tooltip_cube,#CSO_MaploadingTip_Scen_Cube_05
1,93,17,1,Tooltip_blaze,#CSO_MaploadingTip_Scen_Hellfire_01
1,93,17,1,Tooltip_blaze,#CSO_MaploadingTip_Scen_Hellfire_02
1,93,17,1,Tooltip_blaze,#CSO_MaploadingTip_Scen_Hellfire_03
1,93,17,4,Tooltip_blaze,#CSO_MaploadingTip_Scen_Blaze
1,94,18,1,Tooltip_PVPVE_01,#CSO_MaploadingTip_PVPVE_01
1,94,18,1,Tooltip_PVPVE_01,#CSO_MaploadingTip_PVPVE_02
1,94,18,1,Tooltip_PVPVE_01,#CSO_MaploadingTip_PVPVE_03
1,94,18,1,Tooltip_PVPVE_01,#CSO_MaploadingTip_PVPVE_04
1,94,18,1,Tooltip_PVPVE_01,#CSO_MaploadingTip_PVPVE_05
1,94,18,1,Tooltip_PVPVE_01,#CSO_MaploadingTip_PVPVE_06
1,94,18,1,Tooltip_PVPVE_01,#CSO_MaploadingTip_PVPVE_07
1,94,18,1,Tooltip_PVPVE_01,#CSO_MaploadingTip_PVPVE_08
1,94,18,1,Tooltip_PVPVE_02,#CSO_MaploadingTip_PVPVE_01
1,94,18,1,Tooltip_PVPVE_02,#CSO_MaploadingTip_PVPVE_02
1,94,18,1,Tooltip_PVPVE_02,#CSO_MaploadingTip_PVPVE_03
1,94,18,1,Tooltip_PVPVE_02,#CSO_MaploadingTip_PVPVE_04
1,94,18,1,Tooltip_PVPVE_02,#CSO_MaploadingTip_PVPVE_05
1,94,18,1,Tooltip_PVPVE_02,#CSO_MaploadingTip_PVPVE_06
1,94,18,1,Tooltip_PVPVE_02,#CSO_MaploadingTip_PVPVE_07
1,94,18,1,Tooltip_PVPVE_02,#CSO_MaploadingTip_PVPVE_08
1,94,18,1,Tooltip_PVPVE_03,#CSO_MaploadingTip_PVPVE_01
1,94,18,1,Tooltip_PVPVE_03,#CSO_MaploadingTip_PVPVE_02
1,94,18,1,Tooltip_PVPVE_03,#CSO_MaploadingTip_PVPVE_03
1,94,18,1,Tooltip_PVPVE_03,#CSO_MaploadingTip_PVPVE_04
1,94,18,1,Tooltip_PVPVE_03,#CSO_MaploadingTip_PVPVE_05
1,94,18,1,Tooltip_PVPVE_03,#CSO_MaploadingTip_PVPVE_06
1,94,18,1,Tooltip_PVPVE_03,#CSO_MaploadingTip_PVPVE_07
1,94,18,1,Tooltip_PVPVE_03,#CSO_MaploadingTip_PVPVE_08
1,96,0,1,Tooltip_Original_DM,#CSO_MaploadingTip_ORIGINAL_DM
1,96,1,1,Tooltip_Deathmatch,#CSO_MaploadingTip_DM
1,96,2,1,Tooltip_TeamDeathmatch,#CSO_MaploadingTip_TDM
1,96,3,1,Tooltip_Original_DM,#CSO_MaploadingTip_ORIGINAL_DM
1,96,4,1,Tooltip_Deathmatch,#CSO_MaploadingTip_DM_BOT
1,96,5,1,Tooltip_TeamDeathmatch,#CSO_MaploadingTip_TDM_BOT
1,96,27,1,Tooltip_sm_snowman_01,#CSO_MaploadingTip_sm_TDM
1,96,27,1,Tooltip_sm_snowman_02,#CSO_MaploadingTip_sm_TDM
1,96,27,1,Tooltip_sm_snowman_03,#CSO_MaploadingTip_sm_TDM
1,97,18,1,Tooltip_PVPVE_01,#CSO_MaploadingTip_PVPVE_01
1,97,18,1,Tooltip_PVPVE_01,#CSO_MaploadingTip_PVPVE_02
1,97,18,1,Tooltip_PVPVE_01,#CSO_MaploadingTip_PVPVE_03
1,97,18,1,Tooltip_PVPVE_01,#CSO_MaploadingTip_PVPVE_04
1,97,18,1,Tooltip_PVPVE_01,#CSO_MaploadingTip_PVPVE_05
1,97,18,1,Tooltip_PVPVE_01,#CSO_MaploadingTip_PVPVE_06
1,97,18,1,Tooltip_PVPVE_01,#CSO_MaploadingTip_PVPVE_07
1,97,18,1,Tooltip_PVPVE_01,#CSO_MaploadingTip_PVPVE_08
1,97,18,1,Tooltip_PVPVE_02,#CSO_MaploadingTip_PVPVE_01
1,97,18,1,Tooltip_PVPVE_02,#CSO_MaploadingTip_PVPVE_02
1,97,18,1,Tooltip_PVPVE_02,#CSO_MaploadingTip_PVPVE_03
1,97,18,1,Tooltip_PVPVE_02,#CSO_MaploadingTip_PVPVE_04
1,97,18,1,Tooltip_PVPVE_02,#CSO_MaploadingTip_PVPVE_05
1,97,18,1,Tooltip_PVPVE_02,#CSO_MaploadingTip_PVPVE_06
1,97,18,1,Tooltip_PVPVE_02,#CSO_MaploadingTip_PVPVE_07
1,97,18,1,Tooltip_PVPVE_02,#CSO_MaploadingTip_PVPVE_08
1,97,18,1,Tooltip_PVPVE_03,#CSO_MaploadingTip_PVPVE_01
1,97,18,1,Tooltip_PVPVE_03,#CSO_MaploadingTip_PVPVE_02
1,97,18,1,Tooltip_PVPVE_03,#CSO_MaploadingTip_PVPVE_03
1,97,18,1,Tooltip_PVPVE_03,#CSO_MaploadingTip_PVPVE_04
1,97,18,1,Tooltip_PVPVE_03,#CSO_MaploadingTip_PVPVE_05
1,97,18,1,Tooltip_PVPVE_03,#CSO_MaploadingTip_PVPVE_06
1,97,18,1,Tooltip_PVPVE_03,#CSO_MaploadingTip_PVPVE_07
1,97,18,1,Tooltip_PVPVE_03,#CSO_MaploadingTip_PVPVE_08
1,98,15,1,Tooltip_deadend,#CSO_MaploadingTip_Scen_Lastclue
1,99,0,1,Tooltip_Original_DM,#CSO_MaploadingTip_ORIGINAL_DM
1,99,1,1,Tooltip_Deathmatch,#CSO_MaploadingTip_DM
1,99,2,1,Tooltip_TeamDeathmatch,#CSO_MaploadingTip_TDM
1,99,3,1,Tooltip_Original_DM,#CSO_MaploadingTip_ORIGINAL_DM
1,99,4,1,Tooltip_Deathmatch,#CSO_MaploadingTip_DM_BOT
1,99,5,1,Tooltip_TeamDeathmatch,#CSO_MaploadingTip_TDM_BOT
1,99,11,1,Tooltip_ZombieUnite,#CSO_MaploadingTip_ZTDM
1,99,13,1,Tooltip_ZombieUnite_DM,#CSO_MaploadingTip_ZTDM_ANN
1,99,22,1,Tooltip_GDM_01,#CSO_MaploadingTip_GDM_01
1,99,22,1,Tooltip_GDM_02,#CSO_MaploadingTip_GDM_02
1,100,0,1,Tooltip_Original_DE,#CSO_MaploadingTip_ORIGINAL_DE
1,100,1,1,Tooltip_Deathmatch,#CSO_MaploadingTip_DM
1,100,2,1,Tooltip_TeamDeathmatch,#CSO_MaploadingTip_TDM
1,100,3,1,Tooltip_Original_DE,#CSO_MaploadingTip_ORIGINAL_DE
1,100,4,1,Tooltip_Deathmatch,#CSO_MaploadingTip_DM_BOT
1,100,5,1,Tooltip_TeamDeathmatch,#CSO_MaploadingTip_TDM_BOT
1,100,6,1,Tooltip_Official,#CSO_MaploadingTip_Official
1,100,7,1,Tooltip_Official,#CSO_MaploadingTip_Official_TieBreak
1,101,15,1,Tooltip_nightmare,#CSO_MaploadingTip_Scen_Nightmare
1,102,8,1,Tooltip_Zombie,#CSO_MaploadingTip_ZM
1,102,9,1,Tooltip_Zombie2_01,#CSO_MaploadingTip_ZM2
1,102,9,1,Tooltip_Zombie2_02,#CSO_MaploadingTip_ZM2
1,102,9,1,Tooltip_Zombie2_03,#CSO_MaploadingTip_ZM2
1,102,9,1,Tooltip_Zombie2_04,#CSO_MaploadingTip_ZM2
1,102,9,1,Tooltip_Zombie2_05,#CSO_MaploadingTip_ZM2
1,102,14,1,Tooltip_Zombie3_01,#CSO_MaploadingTip_ZM3
1,102,14,1,Tooltip_Zombie3_02,#CSO_MaploadingTip_ZM3
1,102,14,1,Tooltip_Zombie3_03,#CSO_MaploadingTip_ZM3
1,102,27,1,Tooltip_sm_snowman_01,#CSO_MaploadingTip_sm_TDM
1,102,27,1,Tooltip_sm_snowman_02,#CSO_MaploadingTip_sm_TDM
1,102,27,1,Tooltip_sm_snowman_03,#CSO_MaploadingTip_sm_TDM
1,103,8,1,Tooltip_Zombie,#CSO_MaploadingTip_ZM
1,103,9,1,Tooltip_Zombie2_01,#CSO_MaploadingTip_ZM2
1,103,9,1,Tooltip_Zombie2_02,#CSO_MaploadingTip_ZM2
1,103,9,1,Tooltip_Zombie2_03,#CSO_MaploadingTip_ZM2
1,103,9,1,Tooltip_Zombie2_04,#CSO_MaploadingTip_ZM2
1,103,9,1,Tooltip_Zombie2_05,#CSO_MaploadingTip_ZM2
1,103,14,1,Tooltip_Zombie3_01,#CSO_MaploadingTip_ZM3
1,103,14,1,Tooltip_Zombie3_02,#CSO_MaploadingTip_ZM3
1,103,14,1,Tooltip_Zombie3_03,#CSO_MaploadingTip_ZM3
1,104,8,1,Tooltip_Zombie,#CSO_MaploadingTip_ZM
1,104,9,1,Tooltip_Zombie2_01,#CSO_MaploadingTip_ZM2
1,104,9,1,Tooltip_Zombie2_02,#CSO_MaploadingTip_ZM2
1,104,9,1,Tooltip_Zombie2_03,#CSO_MaploadingTip_ZM2
1,104,9,1,Tooltip_Zombie2_04,#CSO_MaploadingTip_ZM2
1,104,9,1,Tooltip_Zombie2_05,#CSO_MaploadingTip_ZM2
1,104,14,1,Tooltip_Zombie3_01,#CSO_MaploadingTip_ZM3
1,104,14,1,Tooltip_Zombie3_02,#CSO_MaploadingTip_ZM3
1,104,14,1,Tooltip_Zombie3_03,#CSO_MaploadingTip_ZM3
1,105,0,1,Tooltip_Original_DM,#CSO_MaploadingTip_ORIGINAL_DM
1,105,1,1,Tooltip_Deathmatch,#CSO_MaploadingTip_DM
1,105,2,1,Tooltip_TeamDeathmatch,#CSO_MaploadingTip_TDM
1,105,3,1,Tooltip_Original_DM,#CSO_MaploadingTip_ORIGINAL_DM
1,105,4,1,Tooltip_Deathmatch,#CSO_MaploadingTip_DM_BOT
1,105,5,1,Tooltip_TeamDeathmatch,#CSO_MaploadingTip_TDM_BOT
1,105,22,1,Tooltip_GDM_01,#CSO_MaploadingTip_GDM_01
1,105,22,1,Tooltip_GDM_02,#CSO_MaploadingTip_GDM_02
1,106,15,1,Tooltip_Trace,#CSO_MaploadingTip_Scen_Lastclue
1,107,19,1,Tooltip_TDM_Item_1,#CSO_MaploadingTip_TDM_ITEM
1,107,19,1,Tooltip_TDM_Item_2,#CSO_MaploadingTip_TDM_ITEM
1,107,19,1,Tooltip_TDM_Item_3,#CSO_MaploadingTip_TDM_ITEM
1,107,19,1,Tooltip_TDM_Item_4,#CSO_MaploadingTip_TDM_ITEM
1,107,22,1,Tooltip_GDM_01,#CSO_MaploadingTip_GDM_01
1,107,22,1,Tooltip_GDM_02,#CSO_MaploadingTip_GDM_02
1,108,17,1,Tooltip_Sidewinder,#CSO_MaploadingTip_Scen_Desertstorm_01
1,108,17,1,Tooltip_Sidewinder,#CSO_MaploadingTip_Scen_Desertstorm_02
1,108,17,1,Tooltip_Sidewinder,#CSO_MaploadingTip_Scen_Desertstorm_03
1,108,17,1,Tooltip_Sidewinder,#CSO_MaploadingTip_Scen_Desertstorm_05
1,109,10,1,Tooltip_Hidden_01,#CSO_MaploadingTip_Hidden_01
1,110,20,1,Tooltip_ZombieEscape_01,#CSO_MaploadingTip_ZE
1,110,20,1,Tooltip_ZombieEscape_02,#CSO_MaploadingTip_ZE
1,111,21,1,Tooltip_Bazooka_01,#CSO_MaploadingTip_BK
1,111,21,1,Tooltip_Bazooka_02,#CSO_MaploadingTip_BK
1,112,15,1,Tooltip_Culvert,#CSO_MaploadingTip_Scen_Culvert
1,113,15,1,Tooltip_Decoy,#CSO_MaploadingTip_Scen_Decoy
1,114,0,1,Tooltip_Original_DE,#CSO_MaploadingTip_ORIGINAL_DE
1,114,1,1,Tooltip_Deathmatch,#CSO_MaploadingTip_DM
1,114,2,1,Tooltip_TeamDeathmatch,#CSO_MaploadingTip_TDM
1,114,3,1,Tooltip_Original_DE,#CSO_MaploadingTip_ORIGINAL_DE
1,114,4,1,Tooltip_Deathmatch,#CSO_MaploadingTip_DM_BOT
1,114,5,1,Tooltip_TeamDeathmatch,#CSO_MaploadingTip_TDM_BOT
1,114,23,1,Tooltip_basic_01,#CSO_MaploadingTip_basic_01
1,114,23,1,Tooltip_basic_02,#CSO_MaploadingTip_basic_02
1,114,23,1,Tooltip_basic_03,#CSO_MaploadingTip_basic_03
1,115,24,1,Tooltip_BZM_01,#CSO_MaploadingTip_BZM_01
1,116,8,1,Tooltip_Zombie,#CSO_MaploadingTip_ZM
1,116,9,1,Tooltip_Zombie2_01,#CSO_MaploadingTip_ZM2
1,116,9,1,Tooltip_Zombie2_02,#CSO_MaploadingTip_ZM2
1,116,9,1,Tooltip_Zombie2_03,#CSO_MaploadingTip_ZM2
1,116,9,1,Tooltip_Zombie2_04,#CSO_MaploadingTip_ZM2
1,116,9,1,Tooltip_Zombie2_05,#CSO_MaploadingTip_ZM2
1,116,14,1,Tooltip_Zombie3_01,#CSO_MaploadingTip_ZM3
1,116,14,1,Tooltip_Zombie3_02,#CSO_MaploadingTip_ZM3
1,116,14,1,Tooltip_Zombie3_03,#CSO_MaploadingTip_ZM3
1,117,15,1,Tooltip_Angra,#CSO_MaploadingTip_Scen_Angra
1,118,20,1,Tooltip_ZombieEscape_01,#CSO_MaploadingTip_ZE
1,118,20,1,Tooltip_ZombieEscape_02,#CSO_MaploadingTip_ZE
1,119,15,1,Tooltip_nightmare2,#CSO_MaploadingTip_Scen_Nightmare2
1,120,1,1,Tooltip_Deathmatch,#CSO_MaploadingTip_DM
1,120,2,1,Tooltip_TeamDeathmatch,#CSO_MaploadingTip_TDM
1,120,4,1,Tooltip_Deathmatch,#CSO_MaploadingTip_DM_BOT
1,120,5,1,Tooltip_TeamDeathmatch,#CSO_MaploadingTip_TDM_BOT
1,120,23,1,Tooltip_basic_01,#CSO_MaploadingTip_basic_01
1,120,23,1,Tooltip_basic_02,#CSO_MaploadingTip_basic_02
1,120,23,1,Tooltip_basic_03,#CSO_MaploadingTip_basic_03
1,121,15,1,Tooltip_Contact,#CSO_MaploadingTip_Scen_Contact
1,122,20,1,Tooltip_ZombieEscape_03,#CSO_MaploadingTip_ZE
1,123,15,1,Tooltip_Behind,#CSO_MaploadingTip_Scen_Behind
1,124,26,1,Tooltip_zsh_1,#CSO_MaploadingTip_zsh
1,124,26,1,Tooltip_zsh_2,#CSO_MaploadingTip_zsh
1,124,26,1,Tooltip_zsh_3,#CSO_MaploadingTip_zsh
1,125,25,1,Tooltip_br_01,#CSO_MaploadingTip_br
1,125,25,1,Tooltip_br_02,#CSO_MaploadingTip_br
1,125,25,1,Tooltip_br_03,#CSO_MaploadingTip_br
1,125,25,1,Tooltip_br_04,#CSO_MaploadingTip_br
1,126,15,1,Tooltip_defense,#CSO_MaploadingTip_Scen_defense
1,127,0,1,Tooltip_Original_DE,#CSO_MaploadingTip_ORIGINAL_DE
1,127,1,1,Tooltip_Deathmatch,#CSO_MaploadingTip_DM
1,127,2,1,Tooltip_TeamDeathmatch,#CSO_MaploadingTip_TDM
1,127,3,1,Tooltip_Original_DE,#CSO_MaploadingTip_ORIGINAL_DE
1,127,4,1,Tooltip_Deathmatch,#CSO_MaploadingTip_DM_BOT
1,127,5,1,Tooltip_TeamDeathmatch,#CSO_MaploadingTip_TDM_BOT
1,127,23,1,Tooltip_basic_01,#CSO_MaploadingTip_basic_01
1,127,23,1,Tooltip_basic_02,#CSO_MaploadingTip_basic_02
1,127,23,1,Tooltip_basic_03,#CSO_MaploadingTip_basic_03
1,128,15,1,Tooltip_panic,#CSO_MaploadingTip_Scen_panic
1,129,20,1,Tooltip_ZombieEscape_01,#CSO_MaploadingTip_ZE
1,129,20,1,Tooltip_ZombieEscape_02,#CSO_MaploadingTip_ZE
1,130,27,1,Tooltip_sm_snowman_01,#CSO_MaploadingTip_SM
1,130,27,1,Tooltip_sm_snowman_02,#CSO_MaploadingTip_SM
1,130,27,1,Tooltip_sm_snowman_03,#CSO_MaploadingTip_SM
1,130,27,1,Tooltip_sm_snowman_04,#CSO_MaploadingTip_SM
1,130,27,1,Tooltip_sm_snowman_05,#CSO_MaploadingTip_SM
1,131,15,1,Tooltip_encounter,#CSO_MaploadingTip_Scen_encounter
1,132,1,1,Tooltip_Deathmatch,#CSO_MaploadingTip_DM
1,132,2,1,Tooltip_TeamDeathmatch,#CSO_MaploadingTip_TDM
1,132,4,1,Tooltip_Deathmatch,#CSO_MaploadingTip_DM_BOT
1,132,5,1,Tooltip_TeamDeathmatch,#CSO_MaploadingTip_TDM_BOT
1,133,15,1,Tooltip_conspiracy,#CSO_MaploadingTip_Scen_conspiracy
1,134,15,1,Tooltip_nightmare3,#CSO_MaploadingTip_Scen_Nightmare3
1,135,28,1,Tooltip_zsht_1,#CSO_MaploadingTip_zsht_pvp
1,135,28,1,Tooltip_zsht_2,#CSO_MaploadingTip_zsht_pvp
1,135,28,1,Tooltip_zsht_3,#CSO_MaploadingTip_zsht_pvp
1,135,28,1,Tooltip_zsht_4,#CSO_MaploadingTip_zsht_pvp
1,135,28,1,Tooltip_zsht_5,#CSO_MaploadingTip_zsht_pvp
1,135,28,1,Tooltip_zsht_6,#CSO_MaploadingTip_zsht_pvp
1,135,28,1,Tooltip_zsht_7,#CSO_MaploadingTip_zsht_pvp
1,136,28,1,Tooltip_zsht_1,#CSO_MaploadingTip_zsht_pve
1,136,28,1,Tooltip_zsht_2,#CSO_MaploadingTip_zsht_pve
1,136,28,1,Tooltip_zsht_3,#CSO_MaploadingTip_zsht_pve
1,136,28,1,Tooltip_zsht_4,#CSO_MaploadingTip_zsht_pve
1,136,28,1,Tooltip_zsht_5,#CSO_MaploadingTip_zsht_pve
1,136,28,1,Tooltip_zsht_6,#CSO_MaploadingTip_zsht_pve
1,136,28,1,Tooltip_zsht_7,#CSO_MaploadingTip_zsht_pve
1,137,29,1,Tooltip_Zombie4_01,#CSO_MaploadingTip_ZM4
1,137,29,1,Tooltip_Zombie4_02,#CSO_MaploadingTip_ZM4
1,137,29,1,Tooltip_Zombie4_03,#CSO_MaploadingTip_ZM4
1,137,29,1,Tooltip_Zombie4_04,#CSO_MaploadingTip_ZM4
1,137,29,1,Tooltip_Zombie4_05,#CSO_MaploadingTip_ZM4
1,138,29,1,Tooltip_Zombie4_01,#CSO_MaploadingTip_ZM4
1,138,29,1,Tooltip_Zombie4_02,#CSO_MaploadingTip_ZM4
1,138,29,1,Tooltip_Zombie4_03,#CSO_MaploadingTip_ZM4
1,138,29,1,Tooltip_Zombie4_04,#CSO_MaploadingTip_ZM4
1,138,29,1,Tooltip_Zombie4_05,#CSO_MaploadingTip_ZM4
1,139,15,1,Tooltip_envymask,#CSO_MaploadingTip_Scen_envymask
1,140,28,1,Tooltip_zsht_1,#CSO_MaploadingTip_zsht_pve
1,140,28,1,Tooltip_zsht_2,#CSO_MaploadingTip_zsht_pve
1,140,28,1,Tooltip_zsht_3,#CSO_MaploadingTip_zsht_pve
1,140,28,1,Tooltip_zsht_4,#CSO_MaploadingTip_zsht_pve
1,140,28,1,Tooltip_zsht_5,#CSO_MaploadingTip_zsht_pve
1,140,28,1,Tooltip_zsht_6,#CSO_MaploadingTip_zsht_pve
1,140,28,1,Tooltip_zsht_7,#CSO_MaploadingTip_zsht_pve
1,141,0,1,Tooltip_Original_DE,#CSO_MaploadingTip_ORIGINAL_DE
1,141,1,1,Tooltip_Deathmatch,#CSO_MaploadingTip_DM
1,141,2,1,Tooltip_TeamDeathmatch,#CSO_MaploadingTip_TDM
1,141,4,1,Tooltip_Deathmatch,#CSO_MaploadingTip_DM_BOT
1,141,5,1,Tooltip_TeamDeathmatch,#CSO_MaploadingTip_TDM_BOT
1,142,8,1,Tooltip_Zombie,#CSO_MaploadingTip_ZM
1,142,9,1,Tooltip_Zombie2_01,#CSO_MaploadingTip_ZM2
1,142,9,1,Tooltip_Zombie2_02,#CSO_MaploadingTip_ZM2
1,142,9,1,Tooltip_Zombie2_03,#CSO_MaploadingTip_ZM2
1,142,9,1,Tooltip_Zombie2_04,#CSO_MaploadingTip_ZM2
1,142,9,1,Tooltip_Zombie2_05,#CSO_MaploadingTip_ZM2
1,142,14,1,Tooltip_Zombie3_01,#CSO_MaploadingTip_ZM3
1,142,14,1,Tooltip_Zombie3_02,#CSO_MaploadingTip_ZM3
1,142,14,1,Tooltip_Zombie3_03,#CSO_MaploadingTip_ZM3
1,142,24,1,Tooltip_BZM_01,#CSO_MaploadingTip_BZM_01
