;임무 번호,"타입(0=일일, 1=스페셜, 2=명예, 3=주간 / 10=PC방일일, 11=PC방스페, 12=PC명예, 13=PC방 주간) (임무 개편 이후 0=일일, 2=명예, 3=주간만 사용)","prob (일일 임무만 사용, prob / 총합)","week|order (주간 임무만 사용, week 주차에 order번째 임무)","Arguments(XML형식, 서버에서 사용)","Variables(XML형식, 서버에서 사용)","조건0 목표치 ( |를 구분자로 해서 난이도를 나눔. 난이도 0부터 시작. Ex. 2|4|6이면 난이도 0목표는 2, 난이도 1 목표는 4)",조건1 목표치,조건2 목표치,조건3 목표치,조건4 목표치,조건5 목표치,조건6 목표치,조건7 목표치,조건8 목표치,조건9 목표치,조건10 목표치,조건11 목표치,보상0 연결 reward ID (조건 목표 난이도 개수만큼 필요함),보상1 연결 Reward ID,보상2 연결 Reward ID,보상3 연결 Reward ID,Title ID,"HonorQuestType(1=시나리오, 2=펀, 3=좀비, 4=킬러X, 5=클랜, 6=작업병, 7=기록병)",조건지급식 여부(1=조건지급),내용비공개
101,0,100,1|1,<args><memberLimit value='4' testvalue='1'/></args>,,3|4,,,,,,,,,,,,4100|4101,,,,,,,
102,0,100,1|1,<args><memberLimit value='4' testvalue='1'/></args>,,10|15|20,,,,,,,,,,,,4100|4101|4102,,,,,,,
103,0,100,1|1,<args><memberLimit value='4' testvalue='1'/></args>,,5|7|10,,,,,,,,,,,,4100|4101|4102,,,,,,,
104,0,100,1|1,<args><memberLimit value='4' testvalue='1'/></args>,,100|150|200,,,,,,,,,,,,4100|4101|4102,,,,,,,
105,0,100,1|1,<args><memberLimit value='4' testvalue='1'/></args>,,2|3|4,,,,,,,,,,,,4100|4101|4102,,,,,,,
106,0,100,1|1,<args><memberLimit value='4' testvalue='1'/></args>,,5|10,,,,,,,,,,,,4101|4102,,,,,,,
107,0,100,1|1,<args><memberLimit value='4' testvalue='1'/></args>,,5|10,,,,,,,,,,,,4101|4102,,,,,,,
108,0,100,1|1,<args><memberLimit value='4' testvalue='1'/></args>,,5|10,,,,,,,,,,,,4101|4102,,,,,,,
109,0,100,1|1,<args><memberLimit value='4' testvalue='1'/></args>,,3|5,,,,,,,,,,,,4100|4101,,,,,,,
110,0,100,1|1,<args><memberLimit value='4' testvalue='1'/></args>,,3|5,,,,,,,,,,,,4100|4101,,,,,,,
111,0,100,1|1,<args><memberLimit value='4' testvalue='1'/></args>,,3|5,,,,,,,,,,,,4100|4101,,,,,,,
112,0,100,1|1,<args><memberLimit value='4' testvalue='1'/></args>,,1|2,,,,,,,,,,,,4100|4101,,,,,,,
113,0,100,1|1,<args><memberLimit value='4' testvalue='1'/></args>,,5|7|10,,,,,,,,,,,,4100|4101|4102,,,,,,,
114,0,100,1|1,<args><memberLimit value='4' testvalue='1'/></args>,,7|10,,,,,,,,,,,,4101|4102,,,,,,,
115,0,100,1|1,<args><memberLimit value='4' testvalue='1'/></args>,,4|7,,,,,,,,,,,,4101|4102,,,,,,,
116,0,20,1|1,<args><memberLimit value='4' testvalue='1'/></args>,,1,,,,,,,,,,,,4101,,,,,,,
117,0,20,1|1,<args><memberLimit value='4' testvalue='1'/></args>,,1,,,,,,,,,,,,4101,,,,,,,
118,0,20,1|1,<args><memberLimit value='4' testvalue='1'/></args>,,1,,,,,,,,,,,,4101,,,,,,,
119,0,20,1|1,<args><memberLimit value='4' testvalue='1'/></args>,,1,,,,,,,,,,,,4101,,,,,,,
120,0,20,1|1,<args><memberLimit value='4' testvalue='1'/></args>,,1,,,,,,,,,,,,4101,,,,,,,
121,0,20,1|1,<args><memberLimit value='4' testvalue='1'/></args>,,1,,,,,,,,,,,,4101,,,,,,,
122,0,20,1|1,<args><memberLimit value='4' testvalue='1'/></args>,,1,,,,,,,,,,,,4101,,,,,,,
123,0,20,1|1,<args><memberLimit value='4' testvalue='1'/></args>,,1,,,,,,,,,,,,4101,,,,,,,
124,0,20,1|1,<args><memberLimit value='4' testvalue='1'/></args>,,1,,,,,,,,,,,,4101,,,,,,,
125,0,20,1|1,<args><memberLimit value='4' testvalue='1'/></args>,,1,,,,,,,,,,,,4101,,,,,,,
126,0,100,1|1,<args><memberLimit value='4' testvalue='1'/></args>,,50|70|100,,,,,,,,,,,,4100|4101|4102,,,,,,,
127,0,100,1|1,<args><memberLimit value='4' testvalue='1'/></args>,,3|4,,,,,,,,,,,,4101|4102,,,,,,,
701,3,100,1|1,<args><memberLimit value='4' testvalue='1'/></args>,,5,,,,,,,,,,,,4103,,,,,,,
702,3,100,1|2,<args><memberLimit value='4' testvalue='1'/></args>,,20,,,,,,,,,,,,4103,,,,,,,
703,3,100,1|3,<args><memberLimit value='4' testvalue='1'/></args>,,10,,,,,,,,,,,,4103,,,,,,,
704,3,100,1|4,<args><memberLimit value='4' testvalue='1'/></args>,,50,,,,,,,,,,,,4103,,,,,,,
705,3,100,1|5,<args><memberLimit value='4' testvalue='1'/></args>,,2000,,,,,,,,,,,,4103,,,,,,,
706,3,100,2|1,<args><memberLimit value='4' testvalue='1'/></args>,,50,,,,,,,,,,,,4103,,,,,,,
707,3,100,2|2,<args><memberLimit value='4' testvalue='1'/></args>,,5,,,,,,,,,,,,4103,,,,,,,
708,3,100,2|3,<args><memberLimit value='4' testvalue='1'/></args>,,30,,,,,,,,,,,,4103,,,,,,,
709,3,100,2|4,<args><memberLimit value='4' testvalue='1'/></args>,,500,,,,,,,,,,,,4103,,,,,,,
710,3,100,2|5,<args><memberLimit value='4' testvalue='1'/></args>,,100,,,,,,,,,,,,4103,,,,,,,
711,3,100,3|1,<args><memberLimit value='4' testvalue='1'/></args>,,10,,,,,,,,,,,,4103,,,,,,,
712,3,100,3|2,<args><memberLimit value='4' testvalue='1'/></args>,,3000,,,,,,,,,,,,4103,,,,,,,
713,3,100,3|3,<args><memberLimit value='4' testvalue='1'/></args>,,10,,,,,,,,,,,,4103,,,,,,,
714,3,100,3|4,<args><memberLimit value='4' testvalue='1'/></args>,,20,,,,,,,,,,,,4103,,,,,,,
715,3,100,3|5,<args><memberLimit value='4' testvalue='1'/></args>,,10,,,,,,,,,,,,4103,,,,,,,
716,3,100,4|1,<args><memberLimit value='4' testvalue='1'/></args>,,30,,,,,,,,,,,,4103,,,,,,,
717,3,100,4|2,<args><memberLimit value='4' testvalue='1'/></args>,,100,,,,,,,,,,,,4103,,,,,,,
718,3,100,4|3,<args><memberLimit value='4' testvalue='1'/></args>,,30,,,,,,,,,,,,4103,,,,,,,
719,3,100,4|4,<args><memberLimit value='4' testvalue='1'/></args>,,50,,,,,,,,,,,,4103,,,,,,,
720,3,100,4|5,<args><memberLimit value='4' testvalue='1'/></args>,,2000,,,,,,,,,,,,4103,,,,,,,
721,3,100,5|1,<args><memberLimit value='4' testvalue='1'/></args>,,5,,,,,,,,,,,,4103,,,,,,,
722,3,100,5|2,<args><memberLimit value='4' testvalue='1'/></args>,,7,,,,,,,,,,,,4103,,,,,,,
723,3,100,5|3,<args><memberLimit value='4' testvalue='1'/></args>,,50,,,,,,,,,,,,4103,,,,,,,
724,3,100,5|4,<args><memberLimit value='4' testvalue='1'/></args>,,30,,,,,,,,,,,,4103,,,,,,,
725,3,100,5|5,<args><memberLimit value='4' testvalue='1'/></args>,,50,,,,,,,,,,,,4103,,,,,,,
726,3,100,6|1,<args><memberLimit value='4' testvalue='1'/></args>,,50,,,,,,,,,,,,4103,,,,,,,
727,3,100,6|2,<args><memberLimit value='4' testvalue='1'/></args>,,20,,,,,,,,,,,,4103,,,,,,,
728,3,100,6|3,<args><memberLimit value='4' testvalue='1'/></args>,,100,,,,,,,,,,,,4103,,,,,,,
729,3,100,6|4,<args><memberLimit value='4' testvalue='1'/></args>,,500,,,,,,,,,,,,4103,,,,,,,
730,3,100,6|5,<args><memberLimit value='4' testvalue='1'/></args>,,2000,,,,,,,,,,,,4103,,,,,,,
731,3,100,7|1,<args><memberLimit value='4' testvalue='1'/></args>,,10,,,,,,,,,,,,4103,,,,,,,
732,3,100,7|2,<args><memberLimit value='4' testvalue='1'/></args>,,5,,,,,,,,,,,,4103,,,,,,,
733,3,100,7|3,<args><memberLimit value='4' testvalue='1'/></args>,,30,,,,,,,,,,,,4103,,,,,,,
734,3,100,7|4,<args><memberLimit value='4' testvalue='1'/></args>,,50,,,,,,,,,,,,4103,,,,,,,
735,3,100,7|5,<args><memberLimit value='4' testvalue='1'/></args>,,50,,,,,,,,,,,,4103,,,,,,,
736,3,100,8|1,<args><memberLimit value='4' testvalue='1'/></args>,,50,,,,,,,,,,,,4103,,,,,,,
737,3,100,8|2,<args><memberLimit value='4' testvalue='1'/></args>,,20,,,,,,,,,,,,4103,,,,,,,
738,3,100,8|3,<args><memberLimit value='4' testvalue='1'/></args>,,30,,,,,,,,,,,,4103,,,,,,,
739,3,100,8|4,<args><memberLimit value='4' testvalue='1'/></args>,,20,,,,,,,,,,,,4103,,,,,,,
740,3,100,8|5,<args><memberLimit value='4' testvalue='1'/></args>,,2000,,,,,,,,,,,,4103,,,,,,,
741,3,100,9|1,<args><memberLimit value='4' testvalue='1'/></args>,,10,,,,,,,,,,,,4103,,,,,,,
742,3,100,9|2,<args><memberLimit value='4' testvalue='1'/></args>,,7,,,,,,,,,,,,4103,,,,,,,
743,3,100,9|3,<args><memberLimit value='4' testvalue='1'/></args>,,10,,,,,,,,,,,,4103,,,,,,,
744,3,100,9|4,<args><memberLimit value='4' testvalue='1'/></args>,,50,,,,,,,,,,,,4103,,,,,,,
745,3,100,9|5,<args><memberLimit value='4' testvalue='1'/></args>,,100,,,,,,,,,,,,4103,,,,,,,
746,3,100,10|1,<args><memberLimit value='4' testvalue='1'/></args>,,5,,,,,,,,,,,,4103,,,,,,,
747,3,100,10|2,<args><memberLimit value='4' testvalue='1'/></args>,,20,,,,,,,,,,,,4103,,,,,,,
748,3,100,10|3,<args><memberLimit value='4' testvalue='1'/></args>,,50,,,,,,,,,,,,4103,,,,,,,
749,3,100,10|4,<args><memberLimit value='4' testvalue='1'/></args>,,30,,,,,,,,,,,,4103,,,,,,,
750,3,100,10|5,<args><memberLimit value='4' testvalue='1'/></args>,,10,,,,,,,,,,,,4103,,,,,,,
751,3,100,11|1,<args><memberLimit value='4' testvalue='1'/></args>,,10,,,,,,,,,,,,4103,,,,,,,
752,3,100,11|2,<args><memberLimit value='4' testvalue='1'/></args>,,3000,,,,,,,,,,,,4103,,,,,,,
753,3,100,11|3,<args><memberLimit value='4' testvalue='1'/></args>,,100,,,,,,,,,,,,4103,,,,,,,
754,3,100,11|4,<args><memberLimit value='4' testvalue='1'/></args>,,50,,,,,,,,,,,,4103,,,,,,,
755,3,100,11|5,<args><memberLimit value='4' testvalue='1'/></args>,,50,,,,,,,,,,,,4103,,,,,,,
756,3,100,12|1,<args><memberLimit value='4' testvalue='1'/></args>,,50,,,,,,,,,,,,4103,,,,,,,
757,3,100,12|2,<args><memberLimit value='4' testvalue='1'/></args>,,100,,,,,,,,,,,,4103,,,,,,,
758,3,100,12|3,<args><memberLimit value='4' testvalue='1'/></args>,,20,,,,,,,,,,,,4103,,,,,,,
759,3,100,12|4,<args><memberLimit value='4' testvalue='1'/></args>,,500,,,,,,,,,,,,4103,,,,,,,
760,3,100,12|5,<args><memberLimit value='4' testvalue='1'/></args>,,50,,,,,,,,,,,,4103,,,,,,,
761,3,100,13|1,<args><memberLimit value='4' testvalue='1'/></args>,,20,,,,,,,,,,,,4103,,,,,,,
762,3,100,13|2,<args><memberLimit value='4' testvalue='1'/></args>,,20,,,,,,,,,,,,4103,,,,,,,
763,3,100,13|3,<args><memberLimit value='4' testvalue='1'/></args>,,5,,,,,,,,,,,,4103,,,,,,,
764,3,100,13|4,<args><memberLimit value='4' testvalue='1'/></args>,,20,,,,,,,,,,,,4103,,,,,,,
765,3,100,13|5,<args><memberLimit value='4' testvalue='1'/></args>,,2000,,,,,,,,,,,,4103,,,,,,,
766,3,100,15|1,<args><memberLimit value='4' testvalue='1'/></args>,,10,,,,,,,,,,,,4103,,,,,,,
767,3,100,15|2,<args><memberLimit value='4' testvalue='1'/></args>,,5,,,,,,,,,,,,4103,,,,,,,
768,3,100,15|3,<args><memberLimit value='4' testvalue='1'/></args>,,30,,,,,,,,,,,,4103,,,,,,,
769,3,100,15|4,<args><memberLimit value='4' testvalue='1'/></args>,,50,,,,,,,,,,,,4103,,,,,,,
770,3,100,15|5,<args><memberLimit value='4' testvalue='1'/></args>,,100,,,,,,,,,,,,4103,,,,,,,
771,3,100,14|1,<args><memberLimit value='4' testvalue='1'/></args>,,5,,,,,,,,,,,,4103,,,,,,,
772,3,100,14|2,<args><memberLimit value='4' testvalue='1'/></args>,,20,,,,,,,,,,,,4103,,,,,,,
773,3,100,14|3,<args><memberLimit value='4' testvalue='1'/></args>,,10,,,,,,,,,,,,4103,,,,,,,
774,3,100,14|4,<args><memberLimit value='4' testvalue='1'/></args>,,50,,,,,,,,,,,,4103,,,,,,,
775,3,100,14|5,<args><memberLimit value='4' testvalue='1'/></args>,,2000,,,,,,,,,,,,4103,,,,,,,
2001,2,100,1|1,<args><memberLimit value='1' testvalue='1'/></args>,,1,,,,,,,,,,,,4006,,,,1,7,,
2002,2,100,1|1,<args><memberLimit value='1' testvalue='1'/></args>,,1,,,,,,,,,,,,4008,,,,2,7,,1
2003,2,100,1|1,<args><memberLimit value='1' testvalue='1'/></args>,,1000,,,,,,,,,,,,4006,,,,3,4,,
2004,2,100,1|1,<args><memberLimit value='1' testvalue='1'/></args>,,1,,,,,,,,,,,,,,,,4,7,1,1
2005,2,100,1|1,<args><memberLimit value='1' testvalue='1'/></args>,,1,,,,,,,,,,,,,,,,5,5,1,1
2006,2,100,1|1,<args><memberLimit value='1' testvalue='1'/></args>,,1,,,,,,,,,,,,4006,,,,6,6,,
2007,2,100,1|1,<args><memberLimit value='1' testvalue='1'/></args>,,5000,,,,,,,,,,,,4006,,,,7,3,,
2008,2,100,1|1,<args><memberLimit value='1' testvalue='1'/></args>,,5000,,,,,,,,,,,,4006,,,,8,3,,
2009,2,100,1|1,<args><memberLimit value='1' testvalue='1'/></args>,,1,,,,,,,,,,,,,,,,9,7,1,1
2010,2,100,1|1,<args><memberLimit value='1' testvalue='1'/></args>,,10000,,,,,,,,,,,,4006,,,,10,4,,
2011,2,100,1|1,<args><memberLimit value='1' testvalue='1'/></args>,,1,,,,,,,,,,,,4009,,,,11,7,,1
2012,2,100,1|1,<args><memberLimit value='1' testvalue='1'/></args>,<vars><playtime init='0'/></vars>,1,,,,,,,,,,,,4005,,,,12,7,,
2013,2,100,1|1,<args><memberLimit value='1' testvalue='1'/></args>,,100,,,,,,,,,,,,4005,,,,13,2,,
2014,2,100,1|1,<args><memberLimit value='1' testvalue='1'/></args>,,50,100,,,,,,,,,,,4005,,,,14,2,,
2015,2,100,1|1,<args><memberLimit value='1' testvalue='1'/></args>,,100,100,,,,,,,,,,,4005,,,,15,2,,
2016,2,100,1|1,<args><memberLimit value='1' testvalue='1'/></args>,,200,10,,,,,,,,,,,4005,,,,16,2,,
2017,2,100,1|1,<args><memberLimit value='1' testvalue='1'/></args>,,50,,,,,,,,,,,,4005,,,,17,2,,
2018,2,100,1|1,<args><memberLimit value='1' testvalue='1'/></args>,,5000,100,1000,100,,,,,,,,,4007,,,,18,2,,1
2019,2,100,1|1,<args><memberLimit value='1' testvalue='1'/></args>,,500,1000,5000,,,,,,,,,,4007,,,,19,2,,1
2020,2,100,1|1,<args><memberLimit value='1' testvalue='1'/></args>,,2500,,,,,,,,,,,,4009,,,,20,2,,1
2021,2,100,1|1,<args><memberLimit value='1' testvalue='1'/></args>,,1,,,,,,,,,,,,4006,,,,21,1,,1
2022,2,100,1|1,<args><memberLimit value='1' testvalue='1'/></args>,,100,100,,,,,,,,,,,4007,,,,22,6,,1
2023,2,100,1|1,<args><memberLimit value='1' testvalue='1'/></args>,,30,,,,,,,,,,,,4008,,,,23,6,,1
2024,2,100,1|1,<args><memberLimit value='1' testvalue='1'/></args>,,10000,,,,,,,,,,,,4006,,,,24,3,,1
2025,2,100,1|1,<args><memberLimit value='1' testvalue='1'/></args>,,300,,,,,,,,,,,,4006,,,,25,4,,
2026,2,100,1|1,<args><memberLimit value='4' testvalue='1'/></args>,,300,,,,,,,,,,,,4007,,,,26,7,,
2027,2,100,1|1,<args><memberLimit value='4' testvalue='1'/></args>,,1000,,,,,,,,,,,,4008,,,,27,7,,1
2028,2,100,1|1,<args><memberLimit value='1' testvalue='1'/></args>,,1,,,,,,,,,,,,4009,,,,28,7,,
2029,2,100,1|1,<args><memberLimit value='1' testvalue='1'/></args>,,10,,,,,,,,,,,,4008,,,,29,7,,
2030,2,100,1|1,<args><memberLimit value='1' testvalue='1'/></args>,,100,,,,,,,,,,,,4009,,,,30,7,,1
2031,2,100,1|1,<args><memberLimit value='1' testvalue='1'/></args>,,1000,,,,,,,,,,,,4006,,,,31,2,,
2032,2,100,1|1,<args><memberLimit value='1' testvalue='1'/></args>,,1000,,,,,,,,,,,,4006,,,,32,2,,
2033,2,100,1|1,<args><memberLimit value='4' testvalue='1'/></args>,,3000,,,,,,,,,,,,4009,,,,33,2,,1
2034,2,100,1|1,<args><memberLimit value='1' testvalue='1'/></args>,,300,,,,,,,,,,,,4006,,,,34,4,,
2035,2,100,1|1,<args><memberLimit value='1' testvalue='1'/></args>,,1,,,,,,,,,,,,,,,,35,7,1,1
2036,2,100,1|1,<args><memberLimit value='1' testvalue='1'/></args>,,1,,,,,,,,,,,,,,,,36,7,1,1
2037,2,100,1|1,<args><memberLimit value='1' testvalue='1'/></args>,,1,,,,,,,,,,,,,,,,37,7,1,1
2038,2,100,1|1,<args><memberLimit value='1' testvalue='1'/></args>,,1,,,,,,,,,,,,,,,,38,7,1,1
2039,2,100,1|1,<args><memberLimit value='1' testvalue='1'/></args>,,1,,,,,,,,,,,,,,,,39,7,1,1
2040,2,100,1|1,<args><memberLimit value='1' testvalue='1'/><raiseGoal value = '4'/></args>,<vars><currentGoal init='1'/></vars>,400,,,,,,,,,,,,4008,,,,40,1,,
2041,2,100,1|1,<args><memberLimit value='1' testvalue='1'/><raiseGoal value = '4'/></args>,<vars><currentGoal init='1'/></vars>,400,,,,,,,,,,,,4007,,,,41,1,,
2042,2,100,1|1,<args><memberLimit value='1' testvalue='1'/><raiseGoal value = '4'/></args>,<vars><currentGoal init='1'/></vars>,400,,,,,,,,,,,,4008,,,,42,1,,
2043,2,100,1|1,<args><memberLimit value='1' testvalue='1'/></args>,,100,,,,,,,,,,,,4006,,,,43,1,,
2044,2,100,1|1,<args><memberLimit value='1' testvalue='1'/></args>,,100,,,,,,,,,,,,4006,,,,44,1,,
2045,2,100,1|1,<args><memberLimit value='1' testvalue='1'/></args>,<vars><m74 init='0' /><m75 init='0' /><m76 init='0' /><m77 init='0' /><m85 init='0' /><m98 init='0' /></vars>,1,,,,,,,,,,,,4005,,,,45,1,,
2046,2,100,1|1,<args><memberLimit value='1' testvalue='1'/><goal value='1000000' testvalue='50'/></args>,<vars><kill init='0' /></vars>,1,,,,,,,,,,,,4009,,,,46,1,,1
2047,2,100,1|1,<args><memberLimit value='1' testvalue='1'/></args>,,100,,,,,,,,,,,,4006,,,,47,7,,
2048,2,100,1|1,<args><memberLimit value='1' testvalue='1'/></args>,,100,,,,,,,,,,,,4006,,,,48,7,,
2049,2,100,1|1,<args><memberLimit value='1' testvalue='1'/></args>,,2500,,,,,,,,,,,,4009,,,,49,5,,
2050,2,100,1|1,<args><memberLimit value='1' testvalue='1'/></args>,,100,,,,,,,,,,,,4007,,,,50,5,,
2051,2,100,1|1,<args><clanMemberLimit value='4' testvalue='1'/></args>,<vars><dt_sec /></vars>,350,,,,,,,,,,,,4007,,,,51,5,,
2052,2,100,1|1,<args><clanMemberLimit value='4' testvalue='1'/></args>,<vars><dt_sec /></vars>,350,,,,,,,,,,,,4007,,,,52,5,,
2053,2,100,1|1,<args><memberLimit value='1' testvalue='1'/></args>,,1,,,,,,,,,,,,,,,,53,5,1,1
2054,2,100,1|1,<args><memberLimit value='1' testvalue='1'/></args>,,1,,,,,,,,,,,,,,,,54,7,1,1
2055,2,100,1|1,<args><memberLimit value='1' testvalue='1'/></args>,,1,,,,,,,,,,,,,,,,55,7,1,1
2056,2,100,1|1,<args><memberLimit value='8' testvalue='1'/></args>,<vars><kill init='0' /><flag init='0' /></vars>,1000,,,,,,,,,,,,4007,,,,56,4,,
2057,2,100,1|1,<args><memberLimit value='4' testvalue='1'/></args>,,100,,,,,,,,,,,,4006,,,,57,1,,
2058,2,100,1|1,<args><memberLimit value='4' testvalue='1'/></args>,,100,,,,,,,,,,,,4006,,,,58,1,,
2059,2,100,1|1,<args><memberLimit value='4' testvalue='1'/></args>,,100,,,,,,,,,,,,4006,,,,59,1,,
2060,2,100,1|1,<args><memberLimit value='4' testvalue='1'/></args>,,100,,,,,,,,,,,,4006,,,,60,1,,
2061,2,100,1|1,<args><memberLimit value='4' testvalue='1'/></args>,,3000,,,,,,,,,,,,4006,,,,61,2,,
2062,2,100,1|1,<args><memberLimit value='1' testvalue='1'/></args>,,300,,,,,,,,,,,,4006,,,,62,6,,
2063,2,100,1|1,<args><memberLimit value='4' testvalue='1'/></args>,,3000,,,,,,,,,,,,4006,,,,63,3,,
2064,2,100,1|1,<args><memberLimit value='4' testvalue='1'/></args>,,10000,,,,,,,,,,,,4006,,,,64,2,,
2065,2,100,1|1,<args><memberLimit value='1' testvalue='1'/></args>,,1,,,,,,,,,,,,,,,,65,7,1,
2066,2,100,1|1,<args><memberLimit value='1' testvalue='1'/></args>,,100,,,,,,,,,,,,4006,,,,66,6,,
2067,2,100,1|1,<args><memberLimit value='1' testvalue='1'/></args>,,3000,,,,,,,,,,,,4008,,,,67,6,,
2068,2,100,1|1,<args><memberLimit value='1' testvalue='1'/></args>,,100,,,,,,,,,,,,4006,,,,68,1,,
2069,2,100,1|1,<args><memberLimit value='8' testvalue='1'/></args>,,1000,500,400,300,200,100,,,,,,,4007,,,,69,4,,
2070,2,100,1|1,<args><memberLimit value='4' testvalue='1'/></args>,,100,,,,,,,,,,,,4006,,,,70,1,,
2071,2,100,1|1,<args><memberLimit value='1' testvalue='1'/></args>,,1,,,,,,,,,,,,4006,,,,71,6,,
2072,2,100,1|1,<args><memberLimit value='1' testvalue='1'/></args>,,1000,,,,,,,,,,,,4007,,,,72,6,,1
2073,2,100,1|1,<args><memberLimit value='4' testvalue='1'/></args>,,100,,,,,,,,,,,,4006,,,,73,1,,
2074,2,100,1|1,<args><memberLimit value='8' testvalue='1'/></args>,,5000,,,,,,,,,,,,4006,,,,74,3,,
2075,2,100,1|1,<args><memberLimit value='6' testvalue='1'/></args>,,150,100,,,,,,,,,,,4006,,,,75,6,,
2076,2,100,1|1,<args><memberLimit value='1' testvalue='1'/></args>,,1,,,,,,,,,,,,,,,,76,1,1,1
2077,2,100,1|1,<args><memberLimit value='1' testvalue='1'/></args>,,1,,,,,,,,,,,,,,,,77,5,1,1
2078,2,100,1|1,<args><memberLimit value='1' testvalue='1'/></args>,,1,,,,,,,,,,,,,,,,78,5,1,1
2079,2,100,1|1,<args><memberLimit value='1' testvalue='1'/></args>,,1,,,,,,,,,,,,,,,,79,7,1,1
2080,2,100,1|1,<args><memberLimit value='4' testvalue='1'/></args>,,100,,,,,,,,,,,,4006,,,,80,1,,
2081,2,100,1|1,<args><memberLimit value='4' testvalue='1'/></args>,,100,,,,,,,,,,,,4006,,,,81,1,,
2082,2,100,1|1,<args><memberLimit value='4' testvalue='1'/></args>,,100,,,,,,,,,,,,4006,,,,82,1,,
2083,2,100,1|1,<args><memberLimit value='4' testvalue='1'/></args>,,100,,,,,,,,,,,,4006,,,,83,1,,
2084,2,100,1|1,<args><memberLimit value='4' testvalue='1'/></args>,,100,,,,,,,,,,,,4006,,,,84,1,,
2085,2,100,1|1,<args><memberLimit value='6' testvalue='1'/></args>,,1000,,,,,,,,,,,,4007,,,,85,4,,
2086,2,100,1|1,<args><memberLimit value='4' testvalue='1'/></args>,,100,,,,,,,,,,,,4006,,,,86,3,,
2087,2,100,1|1,<args><memberLimit value='6' testvalue='1'/></args>,,100,,,,,,,,,,,,4007,,,,87,3,,
2088,2,100,1|1,<args><memberLimit value='1' testvalue='1'/></args>,,1,,,,,,,,,,,,,,,,88,7,1,
2089,2,100,1|1,<args><memberLimit value='1' testvalue='1'/></args>,,1,,,,,,,,,,,,,,,,89,7,1,
2090,2,100,1|1,<args><memberLimit value='1' testvalue='1'/></args>,,1,,,,,,,,,,,,,,,,90,7,1,
2091,2,100,1|1,<args><memberLimit value='1' testvalue='1'/></args>,,1,,,,,,,,,,,,,,,,91,7,1,
2092,2,100,1|1,<args><memberLimit value='1' testvalue='1'/></args>,,1,,,,,,,,,,,,,,,,92,7,1,1
2095,2,100,1|1,<args><memberLimit value='1' testvalue='1'/></args>,,1,,,,,,,,,,,,,,,,95,7,1,1
2096,2,100,1|1,<args><memberLimit value='4' testvalue='1'/></args>,,100,,,,,,,,,,,,4006,,,,96,1,,
2097,2,100,1|1,<args><memberLimit value='4' testvalue='1'/></args>,,100,,,,,,,,,,,,4006,,,,97,1,,
2098,2,100,1|1,<args><memberLimit value='4' testvalue='1'/></args>,,100,,,,,,,,,,,,4006,,,,98,1,,
2099,2,100,1|1,<args><memberLimit value='1' testvalue='1'/></args>,,1,,,,,,,,,,,,,,,,99,7,1,
2100,2,100,1|1,<args><memberLimit value='1' testvalue='1'/></args>,,1,,,,,,,,,,,,,,,,100,7,1,
2101,2,100,1|1,<args><memberLimit value='1' testvalue='1'/></args>,,100,,,,,,,,,,,,4006,,,,101,6,,
2102,2,100,1|1,<args><memberLimit value='4' testvalue='1'/></args>,,100,,,,,,,,,,,,4006,,,,102,1,,
2103,2,100,1|1,<args><memberLimit value='8' testvalue='1'/></args>,,200,200,200,200,200,200,200,200,200,200,200,200,4007,,,,103,4,,
2104,2,100,1|1,<args><memberLimit value='4' testvalue='1'/></args>,,100,,,,,,,,,,,,4006,,,,104,1,,
2105,2,100,1|1,<args><memberLimit value='4' testvalue='1'/></args>,,100,,,,,,,,,,,,4006,,,,105,1,,
2106,2,100,1|1,<args><memberLimit value='4' testvalue='1'/></args>,,300,,,,,,,,,,,,4006,,,,106,2,,
2107,2,100,1|1,<args><memberLimit value='4' testvalue='1'/></args>,,1000,,,,,,,,,,,,4006,,,,107,3,,
2108,2,100,1|1,<args><memberLimit value='1' testvalue='1'/></args>,,1000,,,,,,,,,,,,4006,,,,108,6,,
2109,2,100,1|1,<args><memberLimit value='1' testvalue='1'/></args>,,1000,,,,,,,,,,,,4006,,,,109,6,,
2110,2,100,1|1,<args><memberLimit value='1' testvalue='1'/></args>,,1,,,,,,,,,,,,4009,,,,110,7,,
2111,2,100,1|1,<args><memberLimit value='1' testvalue='1'/><itemCollect value='407|427|367|327|363|437'/></args>,,1,1,1,1,1,1,,,,,,,4007,,,,111,6,,
2112,2,100,1|1,<args><memberLimit value='1' testvalue='1'/><itemCollect value='517|532|482|466|504|554'/></args>,,1,1,1,1,1,1,,,,,,,4007,,,,112,6,,
2113,2,100,1|1,<args><memberLimit value='1' testvalue='1'/><itemCollect value='598|711|587|595|673|684'/></args>,,1,1,1,1,1,1,,,,,,,4007,,,,113,6,,
2114,2,100,1|1,<args><memberLimit value='1' testvalue='1'/><itemCollect value='679|680|681'/></args>,,1,1,1,,,,,,,,,,4006,,,,114,6,,
2115,2,100,1|1,<args><memberLimit value='1' testvalue='1'/><itemCollect value='741|742|743'/></args>,,1,1,1,,,,,,,,,,4006,,,,115,6,,
2116,2,100,1|1,<args><memberLimit value='4' testvalue='1'/></args>,,100000,,,,,,,,,,,,4006,,,,116,1,,
2117,2,100,1|1,<args><memberLimit value='1' testvalue='1'/></args>,,100,,,,,,,,,,,,4006,,,,117,6,,
2118,2,100,1|1,<args><memberLimit value='1' testvalue='1'/></args>,,1,,,,,,,,,,,,4006,,,,118,6,,
2119,2,100,1|1,<args><memberLimit value='1' testvalue='1'/></args>,,1,,,,,,,,,,,,4006,,,,119,6,,
2120,2,100,1|1,<args><memberLimit value='1' testvalue='1'/></args>,,300,,,,,,,,,,,,4006,,,,120,4,,
2123,2,100,1|1,<args><memberLimit value='1' testvalue='1'/></args>,,1,,,,,,,,,,,,,,,,123,7,1,1
2124,2,100,1|1,<args><memberLimit value='1' testvalue='1'/></args>,,1,,,,,,,,,,,,,,,,124,7,1,1
2125,2,100,1|1,<args><memberLimit value='1' testvalue='1'/></args>,,1,,,,,,,,,,,,,,,,125,7,1,
2126,2,100,1|1,<args><memberLimit value='1' testvalue='1'/></args>,,1,,,,,,,,,,,,,,,,126,7,1,
2127,2,100,1|1,<args><memberLimit value='1' testvalue='1'/></args>,,1,,,,,,,,,,,,,,,,127,7,1,
2128,2,100,1|1,<args><memberLimit value='1' testvalue='1'/></args>,,1,,,,,,,,,,,,,,,,128,7,1,
2129,2,100,1|1,<args><memberLimit value='1' testvalue='1'/></args>,,1,,,,,,,,,,,,,,,,129,7,1,
2130,2,100,1|1,<args><memberLimit value='1' testvalue='1'/></args>,,1,,,,,,,,,,,,,,,,130,7,1,
2131,2,100,1|1,<args><memberLimit value='1' testvalue='1'/></args>,,1,,,,,,,,,,,,,,,,131,7,1,
2132,2,100,1|1,<args><memberLimit value='1' testvalue='1'/></args>,,1,,,,,,,,,,,,,,,,132,7,1,
2133,2,100,1|1,<args><memberLimit value='1' testvalue='1'/></args>,,1,,,,,,,,,,,,,,,,133,7,1,
2134,2,100,1|1,<args><memberLimit value='1' testvalue='1'/></args>,,10000,,,,,,,,,,,,4006,,,,134,3,,
2135,2,100,1|1,<args><memberLimit value='1' testvalue='1'/></args>,,10000,,,,,,,,,,,,4006,,,,135,3,,
2136,2,100,1|1,<args><memberLimit value='1' testvalue='1'/></args>,,10000,,,,,,,,,,,,4006,,,,136,3,,
2137,2,100,1|1,<args><memberLimit value='1' testvalue='1'/></args>,,10000,,,,,,,,,,,,4006,,,,137,3,,
2138,2,100,1|1,<args><memberLimit value='1' testvalue='1'/></args>,,10000,,,,,,,,,,,,4006,,,,138,3,,
2139,2,100,1|1,<args><memberLimit value='1' testvalue='1'/></args>,,10000,,,,,,,,,,,,4006,,,,139,3,,
2140,2,100,1|1,<args><memberLimit value='1' testvalue='1'/></args>,,10000,,,,,,,,,,,,4006,,,,140,3,,
2141,2,100,1|1,<args><memberLimit value='1' testvalue='1'/></args>,,10000,,,,,,,,,,,,4006,,,,141,3,,
2142,2,100,1|1,<args><memberLimit value='1' testvalue='1'/></args>,,10000,,,,,,,,,,,,4006,,,,142,3,,
2143,2,100,1|1,<args><memberLimit value='1' testvalue='1'/></args>,,10000,,,,,,,,,,,,4006,,,,143,3,,
2144,2,100,1|1,<args><memberLimit value='1' testvalue='1'/></args>,,10000,,,,,,,,,,,,4006,,,,144,3,,
2145,2,100,1|1,<args><memberLimit value='1' testvalue='1'/></args>,,10000,,,,,,,,,,,,4006,,,,145,3,,
2146,2,100,1|1,<args><memberLimit value='1' testvalue='1'/></args>,,10000,,,,,,,,,,,,4006,,,,146,3,,
2147,2,100,1|1,<args><memberLimit value='1' testvalue='1'/></args>,,10000,,,,,,,,,,,,4006,,,,147,3,,
2148,2,100,1|1,<args><recommendLimit value='1000' testvalue='1'/></args>,,2,,,,,,,,,,,,,,,,148,7,,
2149,2,100,1|1,<args><memberLimit value='1' testvalue='1'/></args>,,1,,,,,,,,,,,,,,,,149,7,1,
2150,2,100,1|1,<args><memberLimit value='1' testvalue='1'/></args>,,1,,,,,,,,,,,,,,,,150,7,1,
2151,2,100,1|1,<args><memberLimit value='1' testvalue='1'/></args>,,10000,,,,,,,,,,,,4006,,,,151,3,,
2152,2,100,1|1,<args><memberLimit value='1' testvalue='1'/></args>,,10000,,,,,,,,,,,,4006,,,,152,3,,
2153,2,100,1|1,<args><memberLimit value='1' testvalue='1'/></args>,,1,,,,,,,,,,,,4006,,,,153,7,,
2154,2,100,1|1,<args><memberLimit value='4' testvalue='1'/></args>,,100,,,,,,,,,,,,4006,,,,154,1,,
2155,2,100,1|1,<args><memberLimit value='4' testvalue='1'/></args>,,100,,,,,,,,,,,,4006,,,,155,1,,
2156,2,100,1|1,<args><memberLimit value='4' testvalue='1'/></args>,,100,,,,,,,,,,,,4006,,,,156,1,,
2157,2,100,1|1,<args><memberLimit value='4' testvalue='1'/></args>,,100,,,,,,,,,,,,4006,,,,157,1,,
2158,2,100,1|1,<args><memberLimit value='4' testvalue='1'/></args>,,100,,,,,,,,,,,,4006,,,,158,1,,
2159,2,100,1|1,<args><memberLimit value='1' testvalue='1'/></args>,,1,,,,,,,,,,,,,,,,159,7,1,
2160,2,100,1|1,<args><memberLimit value='1' testvalue='1'/></args>,,1,,,,,,,,,,,,,,,,160,7,1,
2161,2,100,1|1,<args><recommendLimit value='1000' testvalue='1'/></args>,,2,,,,,,,,,,,,,,,,161,7,,
2162,2,100,1|1,<args><memberLimit value='1' testvalue='1'/></args>,,10000,,,,,,,,,,,,4006,,,,162,3,,
2163,2,100,1|1,<args><recommendLimit value='1' testvalue='1'/></args>,,1,,,,,,,,,,,,,,,,163,7,,
2164,2,100,1|1,<args><memberLimit value='1' testvalue='1'/><itemCollect value='809|943|948'/></args>,,1,1,1,,,,,,,,,,4006,,,,164,6,,
2165,2,100,1|1,<args><memberLimit value='1' testvalue='1'/><itemCollect value='810|944|949'/></args>,,1,1,1,,,,,,,,,,4006,,,,165,6,,
2166,2,100,1|1,<args><memberLimit value='1' testvalue='1'/><itemCollect value='877|8085|8090'/></args>,,1,1,1,,,,,,,,,,4006,,,,166,6,,
2167,2,100,1|1,<args><memberLimit value='1' testvalue='1'/><itemCollect value='891|8084|8089'/></args>,,1,1,1,,,,,,,,,,4006,,,,167,6,,
2168,2,100,1|1,<args><memberLimit value='1' testvalue='1'/><itemCollect value='8117|8167|8168'/></args>,,1,1,1,,,,,,,,,,4006,,,,168,6,,
2169,2,100,1|1,<args><memberLimit value='1' testvalue='1'/><itemCollect value='943|944|8084|8085|8167'/></args>,,1,1,1,1,1,,,,,,,,4008,,,,169,6,,
2170,2,100,1|1,<args><memberLimit value='1' testvalue='1'/></args>,,1,,,,,,,,,,,,,,,,170,7,1,
2171,2,100,1|1,<args><memberLimit value='1' testvalue='1'/></args>,,1,,,,,,,,,,,,,,,,171,7,1,
2172,2,100,1|1,<args><memberLimit value='1' testvalue='1'/></args>,,1,,,,,,,,,,,,,,,,172,7,,
2173,2,100,1|1,<args><memberLimit value='1' testvalue='1'/></args>,,1,,,,,,,,,,,,,,,,173,7,,
2174,2,100,1|1,<args><memberLimit value='1' testvalue='1'/></args>,,1,,,,,,,,,,,,4009,,,,174,7,1,
2175,2,100,1|1,<args><memberLimit value='1' testvalue='1'/></args>,,1,,,,,,,,,,,,4009,,,,175,7,1,
2176,2,100,1|1,<args><memberLimit value='1' testvalue='1'/></args>,,1,,,,,,,,,,,,4009,,,,176,7,1,
2177,2,100,1|1,<args><memberLimit value='1' testvalue='1'/></args>,,1,,,,,,,,,,,,4009,,,,177,7,1,
2178,2,100,1|1,<args><memberLimit value='1' testvalue='1'/></args>,,1,,,,,,,,,,,,4009,,,,178,7,1,
2179,2,100,1|1,<args><memberLimit value='1' testvalue='1'/></args>,,1,,,,,,,,,,,,,,,,179,7,1,
2180,2,100,1|1,<args><memberLimit value='1' testvalue='1'/><itemCollect value='8195|8196|8197|8198|8171'/></args>,,1,1,1,1,1,,,,,,,,4007,,,,180,6,,
2181,2,100,1|1,<args><memberLimit value='1' testvalue='1'/></args>,,1,,,,,,,,,,,,4006,,,,181,7,1,
2182,2,100,1|1,<args><memberLimit value='1' testvalue='1'/></args>,,1,,,,,,,,,,,,4007,,,,182,7,1,
2183,2,100,1|1,<args><memberLimit value='1' testvalue='1'/></args>,,1,,,,,,,,,,,,4008,,,,183,7,1,
2184,2,100,1|1,<args><memberLimit value='1' testvalue='1'/></args>,,1,,,,,,,,,,,,4008,,,,184,7,1,
2185,2,100,1|1,<args><memberLimit value='1' testvalue='1'/></args>,,1,,,,,,,,,,,,4009,,,,185,7,1,
2186,2,100,1|1,<args><memberLimit value='1' testvalue='1'/></args>,,1,,,,,,,,,,,,4009,,,,186,7,1,
2187,2,100,1|1,<args><memberLimit value='1' testvalue='1'/></args>,,1,,,,,,,,,,,,4009,,,,187,7,1,
2188,2,100,1|1,<args><memberLimit value='1' testvalue='1'/></args>,,1,,,,,,,,,,,,4009,,,,188,7,1,
2189,2,100,1|1,<args><memberLimit value='1' testvalue='1'/></args>,,1,,,,,,,,,,,,,,,,189,7,,
2190,2,100,1|1,<args><memberLimit value='1' testvalue='1'/></args>,,1,,,,,,,,,,,,,,,,190,7,,
2191,2,100,1|1,<args><memberLimit value='1' testvalue='1'/><itemCollect value='8223|8224|8226|8225|919|8133'/></args>,,1,1,1,1,1,1,,,,,,,4007,,,,191,6,,
2192,2,100,1|1,<args><memberLimit value='1' testvalue='1'/></args>,,10000,,,,,,,,,,,,4006,,,,192,3,,
2193,2,100,1|1,<args><recommendLimit value='1000' testvalue='1'/></args>,,2,,,,,,,,,,,,,,,,193,7,,
2194,2,100,1|1,<args><memberLimit value='1' testvalue='1'/></args>,,1,,,,,,,,,,,,,,,,194,7,,
2195,2,100,1|1,<args><memberLimit value='1' testvalue='1'/></args>,,1,,,,,,,,,,,,,,,,195,7,,
2196,2,100,1|1,<args><memberLimit value='1' testvalue='1'/></args>,,1,,,,,,,,,,,,,,,,196,7,1,1
2197,2,100,1|1,<args><memberLimit value='1' testvalue='1'/></args>,,5000,,,,,,,,,,,,4006,,,,197,3,,
2198,2,100,1|1,<args><memberLimit value='1' testvalue='1'/></args>,,10000,,,,,,,,,,,,4006,,,,198,3,,
2199,2,100,1|1,<args><memberLimit value='1' testvalue='1'/></args>,,100,,,,,,,,,,,,4006,,,,199,3,,
2200,2,100,1|1,<args><memberLimit value='4' testvalue='1'/></args>,,10,,,,,,,,,,,,4006,,,,200,3,,1
2201,2,100,1|1,<args><memberLimit value='1' testvalue='1'/></args>,,1000,,,,,,,,,,,,4006,,,,201,3,,
2202,2,100,1|1,<args><memberLimit value='1' testvalue='1'/></args>,,1000,,,,,,,,,,,,4006,,,,202,3,,
2203,2,100,1|1,<args><memberLimit value='1' testvalue='1'/></args>,,100,,,,,,,,,,,,4006,,,,203,3,,
2204,2,100,1|1,<args><memberLimit value='1' testvalue='1'/></args>,,100,,,,,,,,,,,,4006,,,,204,3,,
2205,2,100,1|1,<args><memberLimit value='1' testvalue='1'/></args>,,1000,,,,,,,,,,,,4006,,,,205,3,,
2206,2,100,1|1,<args><memberLimit value='4' testvalue='1'/></args>,,10,,,,,,,,,,,,4006,,,,206,3,,1
2207,2,100,1|1,<args><memberLimit value='1' testvalue='1'/></args>,,1000,,,,,,,,,,,,4006,,,,207,3,,
2208,2,100,1|1,<args><memberLimit value='4' testvalue='1'/></args>,,1000,,,,,,,,,,,,4006,,,,208,3,,
2209,2,100,1|1,<args><memberLimit value='1' testvalue='1'/></args>,<vars><playtime init='0'/></vars>,200,,,,,,,,,,,,4006,,,,209,3,,
2210,2,100,1|1,<args><memberLimit value='1' testvalue='1'/></args>,<vars><playtime init='0'/></vars>,500,,,,,,,,,,,,4006,,,,210,3,,
2211,2,100,1|1,<args><memberLimit value='4' testvalue='1'/></args>,,1,,,,,,,,,,,,4006,,,,211,3,,
2213,2,100,1|1,<args><memberLimit value='4' testvalue='1'/></args>,,100,,,,,,,,,,,,4006,,,,213,3,,
2214,2,100,1|1,<args><memberLimit value='4' testvalue='1'/></args>,,100,,,,,,,,,,,,4006,,,,214,3,,
2215,2,100,1|1,<args><memberLimit value='4' testvalue='1'/></args>,,1,,,,,,,,,,,,4006,,,,215,3,,
2217,2,100,1|1,<args><memberLimit value='1' testvalue='1'/></args>,,100,,,,,,,,,,,,4006,,,,217,3,,
2218,2,100,1|1,<args><memberLimit value='4' testvalue='1'/></args>,,1,,,,,,,,,,,,4006,,,,218,3,,
2219,2,100,1|1,<args><memberLimit value='1' testvalue='1'/></args>,,1,,,,,,,,,,,,4006,,,,219,3,,
2220,2,100,1|1,<args><memberLimit value='4' testvalue='1'/></args>,,10,,,,,,,,,,,,4006,,,,220,3,,
2221,2,100,1|1,<args><memberLimit value='1' testvalue='1'/></args>,,5,,,,,,,,,,,,4006,,,,221,3,,
2222,2,100,1|1,<args><memberLimit value='32' testvalue='1'/></args>,,5,,,,,,,,,,,,4006,,,,222,3,,
2223,2,100,1|1,<args><memberLimit value='4' testvalue='1'/></args>,,1000,,,,,,,,,,,,4006,,,,223,3,,
2224,2,100,1|1,<args><memberLimit value='4' testvalue='1'/></args>,,1000,,,,,,,,,,,,4006,,,,224,3,,
2225,2,100,1|1,<args><memberLimit value='1' testvalue='1'/></args>,,1,,,,,,,,,,,,4006,,,,225,3,,
2226,2,100,1|1,<args><memberLimit value='4' testvalue='1'/></args>,,1,,,,,,,,,,,,4006,,,,226,3,,
2227,2,100,1|1,<args><memberLimit value='1' testvalue='1'/><itemCollect value='8251|8252|8253|8254'/></args>,,1,1,1,1,,,,,,,,,4006,,,,227,6,,
