;,,,";무기/장비=""Equipment"",클래스(캐릭터)=""Class""",";권총=1,샷건=2,기관단총=3,소총=4,기관총=5장비=6,클래스=7,기능성(passive)=8,작동성(active)=9",,";UseType, 0= 간접사용, 1= 자동사용, 2= 수동사용, 3= 수동사용(int), 4= 수동사용(string)",";공용=0,테러리스트1,대테러리스트2",,,,,,,,,,,,,,,,,,,,,";0=개인,1=클랜;공백=0",,,,,,,,,,,,,,,,
;ID,Name,recourcename,ClassName,Category,InGameID,UseType,Team,Level,ExpPointModCategory,ExpModPriority,ExpModMin,ExpModMax,PCBangExpModMin,PCBangExpModMax,PointModPriority,PointModMin,PointModMax,PCBangPointModMin,PCBangPointModMax,InventoryType,Damage,HitRate,Reaction,FiringSpeed,Weight,SkinBase,Period,BuyerType,ItemBoxName,TeamBonusExpOther,TeamBonusExpSelf,TeamBonusPointOther,TeamBonusPointSelf,rewardID,InGameItem,mdl,skin,DisReward1,DisReward2,DisReward3,EnhWeapon,ZombieSkin,TradeNum,TradeDay
1,.40 Dual Elites,Elites,Equipment,1,10,1,1,0,0,0,0,0,0,0,0,0,0,0,0,1,31,63,70,86,85,,1,,,0,0,0,0,0,1,,,240,9101,9205,0,0,0,0
2,228 Compact,p228,Equipment,1,1,1,0,0,0,0,0,0,0,0,0,0,0,0,0,1,28,50,70,86,85,,1,,,0,0,0,0,0,1,,,240,9101,9205,0,0,0,0
3,9X19mm Sidearm,Glock18,Equipment,1,17,1,0,0,0,0,0,0,0,0,0,0,0,0,0,1,22,67,100,86,85,,1,,,0,0,0,0,0,1,,,0,0,0,0,0,0,0
4,Night Hawk .50C,deserteagle,Equipment,1,26,1,0,0,0,0,0,0,0,0,0,0,0,0,0,1,47,45,70,81,85,,1,,,0,0,0,0,0,1,,,240,9101,9205,0,0,0,0
5,ES Five-Seven,fiveseven,Equipment,1,11,1,2,0,0,0,0,0,0,0,0,0,0,0,0,1,17,62,70,86,85,,1,,,0,0,0,0,0,1,,,240,9101,9205,0,0,0,0
6,K&M .45 Tactical,usp45,Equipment,1,16,1,0,0,0,0,0,0,0,0,0,0,0,0,0,1,30,72,70,85,85,,1,,,0,0,0,0,0,1,,,0,0,0,0,0,0,0
7,Leone 12 Gauge Super,m3,Equipment,2,21,1,0,0,0,0,0,0,0,0,0,0,0,0,0,1,78,100,40,54,76,,1,,,0,0,0,0,0,1,,,240,9102,9205,0,0,0,0
8,Leone YG1265 Auto Shotgun,xm1014,Equipment,2,5,1,0,0,0,0,0,0,0,0,0,0,0,0,0,1,52,100,48,76,81,,1,,,0,0,0,0,0,1,,,240,9102,9205,0,0,0,0
9,Schmidt Machine Pistol,tmp,Equipment,3,23,1,2,0,0,0,0,0,0,0,0,0,0,0,0,1,17,73,83,92,85,,1,,,0,0,0,0,0,1,,,240,9103,9205,0,0,0,0
10,Ingram MAC-10,MAC10,Equipment,3,7,1,1,0,0,0,0,0,0,0,0,0,0,0,0,1,25,72,81,92,85,,1,,,0,0,0,0,0,1,,,240,9103,9205,0,0,0,0
11,ES C90,p90,Equipment,3,30,1,0,0,0,0,0,0,0,0,0,0,0,0,0,1,18,68,91,92,83,,1,,,0,0,0,0,0,1,,,240,9103,9205,0,0,0,0
12,K&M Sub-Machine Gun,MP5,Equipment,3,19,1,0,0,0,0,0,0,0,0,0,0,0,0,0,1,23,79,92,92,85,,1,,,0,0,0,0,0,1,,,0,0,0,0,0,0,0
13,K&M UMP45,ump45,Equipment,3,12,1,0,0,0,0,0,0,0,0,0,0,0,0,0,1,26,75,91,90,85,,1,,,0,0,0,0,0,1,,,240,9103,9205,0,0,0,0
14,Magnum Sniper Rifle,awp,Equipment,4,18,1,0,0,0,0,0,0,0,0,0,0,0,0,0,1,100,100,70,26,67,,1,,,0,0,0,0,0,1,,,240,9105,9205,0,0,0,0
15,Maverick M4A1 Carbine,m4a1,Equipment,4,22,1,2,0,0,0,0,0,0,0,0,0,0,0,0,1,29,88,92,91,76,,1,,,0,0,0,0,0,1,,,240,9104,9205,0,0,0,0
16,Bullpup,aug,Equipment,4,8,1,2,0,0,0,0,0,0,0,0,0,0,0,0,1,28,90,82,86,81,,1,,,0,0,0,0,0,1,,,240,9104,9205,0,0,0,0
17,Schmidt Scout,Scout,Equipment,4,3,1,0,0,0,0,0,0,0,0,0,0,0,0,0,1,65,88,70,36,90,,1,,,0,0,0,0,0,1,,,0,0,0,0,0,0,0
18,Krieg 550 Commando,sg550,Equipment,4,13,1,2,0,0,0,0,0,0,0,0,0,0,0,0,1,61,62,76,83,67,,1,,,0,0,0,0,0,1,,,240,9105,9205,0,0,0,0
19,Krieg 552,sg552,Equipment,4,27,1,1,0,0,0,0,0,0,0,0,0,0,0,0,1,29,90,82,91,78,,1,,,0,0,0,0,0,1,,,240,9104,9205,0,0,0,0
20,Clarion 5.56,famas,Equipment,4,15,1,2,0,0,0,0,0,0,0,0,0,0,0,0,1,26,90,82,88,81,,1,,,0,0,0,0,0,1,,,240,9104,9205,0,0,0,0
21,CV-47,AK47,Equipment,4,28,1,1,0,0,0,0,0,0,0,0,0,0,0,0,1,31,83,79,91,72,,1,,,0,0,0,0,0,1,,,240,9104,9205,0,0,0,0
22,D3/AU-1 Semi-Auto Sniper Rifle,G3SG1,Equipment,4,24,1,1,0,0,0,0,0,0,0,0,0,0,0,0,1,70,55,72,83,67,,1,,,0,0,0,0,0,1,,,240,9105,9205,0,0,0,0
23,IDF Defender,Galil,Equipment,4,14,1,1,0,0,0,0,0,0,0,0,0,0,0,0,1,26,77,82,91,81,,1,,,0,0,0,0,0,1,,,240,9104,9205,0,0,0,0
24,ES M249 Para,m249,Equipment,5,20,1,0,0,0,0,0,0,0,0,0,0,0,0,0,1,28,78,79,90,71,,1,,,0,0,0,0,0,1,,,240,9106,9205,0,0,0,0
25,Night Vision Goggles ,nightvision,Equipment,6,2006,1,0,0,0,0,0,0,0,0,0,0,0,0,0,1,,,,,,,1,,,0,0,0,0,0,1,,,0,0,0,0,0,0,0
26,Smoke Grenade ,SmokeGrenade,Equipment,6,2004,1,0,0,0,0,0,0,0,0,0,0,0,0,0,1,,,,,,,1,,,0,0,0,0,0,1,,,0,0,0,0,0,0,0
27,Kevlar Vest ,Kevlar,Equipment,6,2000,1,0,0,0,0,0,0,0,0,0,0,0,0,0,1,,,,,,,1,,,0,0,0,0,0,1,,,0,0,0,0,0,0,0
28,Kevlar Vest & Helmet ,Kevlar_Helmet,Equipment,6,2001,1,0,0,0,0,0,0,0,0,0,0,0,0,0,1,,,,,,,1,,,0,0,0,0,0,1,,,0,0,0,0,0,0,0
29,Defuse Kit ,defuser,Equipment,6,2005,1,2,0,0,0,0,0,0,0,0,0,0,0,0,1,,,,,,,1,,,0,0,0,0,0,1,,,0,0,0,0,0,0,0
30,Flashbang ,Flashbang,Equipment,6,2002,1,0,0,0,0,0,0,0,0,0,0,0,0,0,1,,,,,,,1,,,0,0,0,0,0,1,,,0,0,0,0,0,0,0
31,HE Grenade ,HEGrenade,Equipment,6,2003,1,0,0,0,0,0,0,0,0,0,0,0,0,0,1,,,,,,,1,,,0,0,0,0,0,1,,,0,0,0,0,0,0,0
32,QBB-95,QBB95,Equipment,5,41,1,0,0,0,0,0,0,0,0,0,0,0,0,0,1,26,79,74,90,74,,1,,,0,0,0,0,0,1,,,240,9106,9205,0,0,0,0
33,FN SCAR,SCAR,Equipment,4,31,1,2,0,0,0,0,0,0,0,0,0,0,0,0,1,"28,34","90,87","81,80","91,90","76,69",,1,,,0,0,0,0,0,1,,,240,9104,9205,0,0,0,0
34,XM-8,XM8,Equipment,4,33,1,1,0,0,0,0,0,0,0,0,0,0,0,0,1,"28,28","83,78","81,78","91,91","72,76",,1,,,0,0,0,0,0,1,,,240,9104,9205,0,0,0,0
35,VSK-94 Sniper Rifle,VSK94,Equipment,4,40,1,2,0,0,0,0,0,0,0,0,0,0,0,0,1,28,90,79,90,85,,1,,,0,0,0,0,0,1,,,240,9105,9205,0,0,0,0
36,K1A Submachinegun,K1A,Equipment,3,38,1,2,0,0,0,0,0,0,0,0,0,0,0,0,1,26,78,87,91,83,,1,,,0,0,0,0,0,1,,,240,9103,9205,0,0,0,0
37,MP7A1 Submachinegun,MP7A1,Equipment,3,36,1,0,0,0,0,0,0,0,0,0,0,0,0,0,1,"25,25","71,90","91,88","92,87","85,76",,1,,,0,0,0,0,0,1,,,240,9103,9205,0,0,0,0
38,USAS-12 Automatic Shotgun,USAS12,Equipment,2,39,1,1,0,0,0,0,0,0,0,0,0,0,0,0,1,52,100,48,76,58,,1,,,0,0,0,0,0,1,,,240,9102,9205,0,0,0,0
39,Dragunov SVD,svd,Equipment,4,35,1,1,0,0,0,0,0,0,0,0,0,0,0,0,1,96,88,39,67,76,,1,,,0,0,0,0,0,1,,,240,9105,9205,0,0,0,0
40,Guerilla,guerilla,Class,7,8,1,1,0,0,0,0,0,0,0,0,0,0,0,0,1,,,,,,,1,,,0,0,0,0,0,0,,,0,0,0,0,0,0,0
41,Terror,terror,Class,7,2,1,1,0,0,0,0,0,0,0,0,0,0,0,0,1,,,,,,,1,,,0,0,0,0,0,0,,,0,0,0,0,0,0,0
42,Leet,leet,Class,7,3,1,1,0,0,0,0,0,0,0,0,0,0,0,0,1,,,,,,,1,,,0,0,0,0,0,0,,,0,0,0,0,0,0,0
43,Arctic,arctic,Class,7,4,1,1,0,0,0,0,0,0,0,0,0,0,0,0,1,,,,,,,1,,,0,0,0,0,0,0,,,0,0,0,0,0,0,0
44,Militia,militia,Class,7,10,1,1,0,0,0,0,0,0,0,0,0,0,0,0,1,,,,,,,1,,,0,0,0,0,0,0,,,0,0,0,0,0,0,0
46,VC,IRA,Class,7,17,2,1,0,2,2,5,5,10,10,2,5,5,10,10,1,,,,,,,1,,,0,0,0,0,0,0,,,0,0,0,0,0,0,0
47,NLC,ETA,Class,7,18,2,1,25,0,0,0,0,0,0,0,0,0,0,0,1,,,,,,,1,,,0,0,0,0,0,0,,,0,0,0,0,0,0,0
48,ARA,JRA,Class,7,19,2,1,0,2,2,10,10,15,15,2,10,10,15,15,1,,,,,,,1,,,0,0,0,0,0,0,,,240,9119,9206,0,0,0,0
49,Urban,urban,Class,7,1,1,2,0,0,0,0,0,0,0,0,0,0,0,0,1,,,,,,,1,,,0,0,0,0,0,0,,,0,0,0,0,0,0,0
50,GSG9,gsg9,Class,7,5,1,2,0,0,0,0,0,0,0,0,0,0,0,0,1,,,,,,,1,,,0,0,0,0,0,0,,,0,0,0,0,0,0,0
51,GIGN,gign,Class,7,6,1,2,0,0,0,0,0,0,0,0,0,0,0,0,1,,,,,,,1,,,0,0,0,0,0,0,,,0,0,0,0,0,0,0
52,SAS,sas,Class,7,7,1,2,0,0,0,0,0,0,0,0,0,0,0,0,1,,,,,,,1,,,0,0,0,0,0,0,,,0,0,0,0,0,0,0
53,Spetsnaz,Spetsnaz,Class,7,11,1,2,0,0,0,0,0,0,0,0,0,0,0,0,1,,,,,,,1,,,0,0,0,0,0,0,,,0,0,0,0,0,0,0
55,Sozo,sozo,Class,7,13,2,2,25,0,0,0,0,0,0,0,0,0,0,0,1,,,,,,,1,,,0,0,0,0,0,0,,,0,0,0,0,0,0,0
56,Magui,magui,Class,7,14,2,2,0,2,2,5,5,10,10,2,5,5,10,10,1,,,,,,,1,,,0,0,0,0,0,0,,,0,0,0,0,0,0,0
57,Sdefence,sdefence,Class,7,15,2,2,0,2,2,10,10,15,15,2,10,10,15,15,1,,,,,,,1,,,0,0,0,0,0,0,,,240,9119,9206,0,0,0,0
59,ExpUp,ExpUp,PeriodicItem,8,0,2,0,0,1,1,50,50,90,90,0,0,0,0,0,1,,,,,,,1,,,0,0,0,0,0,0,,,120,9004,9207,0,0,0,0
65,NicknameChange,NicknameChange,NicknameChange,9,0,4,0,0,0,0,0,0,0,0,0,0,0,0,0,1,,,,,,,0,,,0,0,0,0,0,0,,,1,9206,0,0,0,0,0
71,InviteAll,InviteAll,PeriodicItem,8,0,1,0,0,0,0,0,0,0,0,0,0,0,0,0,1,,,,,,,1,,,0,0,0,0,0,0,,,240,9121,9208,0,0,0,0
72,ChannelChat,ChannelChat,ChannelChat,8,0,1,0,0,0,0,0,0,0,0,0,0,0,0,0,1,,,,,,,1,,,0,0,0,0,0,0,,,240,9121,9208,0,0,0,0
73,DoubleUp,DoubleUp,PeriodicItem,8,0,2,0,0,1,1,50,50,90,90,1,50,50,90,90,1,,,,,,,1,,,0,0,0,0,0,0,,,60,9004,9207,0,0,0,0
76,ShortTimeRespawn,ShortTimeRespawn,PeriodicItem,8,0,2,0,0,0,0,0,0,0,0,0,0,0,0,0,1,,,,,,,1,,,0,0,0,0,0,1,,,240,9121,9208,0,0,0,0
80,ResetPcbang,ResetPcbang,ResetCafe,9,0,2,0,0,0,0,0,0,0,0,0,0,0,0,0,1,,,,,,,0,,,0,0,0,0,0,0,,,0,0,0,0,0,0,0
82,ResetWinAndLose,ResetWinAndLose,ResetWinLose,9,0,2,0,0,0,0,0,0,0,0,0,0,0,0,0,1,,,,,,,0,,,0,0,0,0,0,0,,,0,0,0,0,0,0,0
84,DisplayKiller,DisplayKiller,PeriodicItem,8,0,1,0,0,0,0,0,0,0,0,0,0,0,0,0,1,,,,,,,1,,,0,0,0,0,0,0,,,240,9121,9208,0,0,0,0
89,ClannoticeExpansion,ClannoticeExpansion,ClanNoticeExpansion,8,0,1,0,0,0,0,0,0,0,0,0,0,0,0,0,2,,,,,,,1,1,,0,0,0,0,0,0,,,0,0,0,0,0,0,0
90,ClanmateIncrease,ClanmateIncrease,Requirement,9,0,0,0,0,0,0,0,0,0,0,0,0,0,0,0,2,,,,,,,0,1,,0,0,0,0,0,0,,,0,0,0,0,0,0,0
91,ClanmarkChange,ClanmarkChange,Requirement,9,0,0,0,0,0,0,0,0,0,0,0,0,0,0,0,2,,,,,,,0,1,,0,0,0,0,0,0,,,0,0,0,0,0,0,0
100,ResetClanscore,ResetClanscore,Requirement,9,0,0,0,0,0,0,0,0,0,0,0,0,0,0,0,2,,,,,,,0,1,,0,0,0,0,0,0,,,0,0,0,0,0,0,0
102,ResetClanPcbang,ResetClanPcbang,ResetClanCafe,9,0,2,0,0,0,0,0,0,0,0,0,0,0,0,0,2,,,,,,,0,1,,0,0,0,0,0,0,,,0,0,0,0,0,0,0
103,ResetKillDeath,ResetKillDeath,ResetKillDeath,9,0,2,0,0,0,0,0,0,0,0,0,0,0,0,0,1,,,,,,,0,,,0,0,0,0,0,0,,,1,9206,0,0,0,0,0
104,VoteKick,VoteKick,Requirement,9,0,0,0,0,0,0,0,0,0,0,0,0,0,0,0,1,,,,,,,0,,,0,0,0,0,0,0,,,10,9121,0,0,0,0,0
105,DefeatInvalidation,DefeatInvalidation,Requirement,9,0,0,0,0,0,0,0,0,0,0,0,0,0,0,0,1,,,,,,,0,,,0,0,0,0,0,0,,,10,9120,0,0,0,0,0
106,PenaltyInvalidation,PenaltyInvalidation,Requirement,9,0,0,0,0,0,0,0,0,0,0,0,0,0,0,0,1,,,,,,,0,,,0,0,0,0,0,0,,,10,9120,0,0,0,0,0
108,PointUp,PointUp,PeriodicItem,8,0,2,0,0,1,0,0,0,0,0,1,50,50,90,90,1,,,,,,,1,,,0,0,0,0,0,0,,,240,9120,9207,0,0,0,0
111,DamageDisplay,DamageDisplay,PeriodicItem,8,0,1,0,0,0,0,0,0,0,0,0,0,0,0,0,1,,,,,,,1,,,0,0,0,0,0,1,,,480,9121,9208,0,0,0,0
112,C4Sound,C4Sound,PeriodicItem,8,0,1,0,0,0,0,0,0,0,0,0,0,0,0,0,1,,,,,,,1,,,0,0,0,0,0,1,,,480,9121,9208,0,0,0,0
113,SCAR556Limited,SCAR556Limited,Equipment,4,42,1,2,0,0,0,0,0,0,0,0,0,0,0,0,1,28,90,81,91,76,,0,,,0,0,0,0,0,1,,,0,0,0,0,0,0,0
114,XM8CarbineLimited,XM8CarbineLimited,Equipment,4,43,1,1,0,0,0,0,0,0,0,0,0,0,0,0,1,28,83,81,91,72,,0,,,0,0,0,0,0,1,,,0,0,0,0,0,0,0
136,ZombieAnoWeapon,ZombieAnoWeapon,PeriodicItem,8,0,1,0,0,0,0,0,0,0,0,0,0,0,0,0,1,,,,,,,1,,,0,0,0,0,0,1,,,240,9121,9208,0,0,0,0
137,ZombieBnoWeapon,ZombieBnoWeapon,PeriodicItem,8,0,1,0,0,0,0,0,0,0,0,0,0,0,0,0,1,,,,,,,1,,,0,0,0,0,0,1,,,240,9121,9208,0,0,0,0
138,ZombieCnoWeapon,ZombieCnoWeapon,PeriodicItem,8,0,1,0,0,0,0,0,0,0,0,0,0,0,0,0,1,,,,,,,1,,,0,0,0,0,0,1,,,240,9121,9208,0,0,0,0
148,MG3,MG3,Equipment,5,45,1,0,0,0,0,0,0,0,0,0,0,0,0,0,1,30,73,78,91,71,,1,,,0,0,0,0,0,1,,,240,9117,9204,8,0,0,0
149,Anaconda,Anaconda,Equipment,1,46,1,0,0,0,0,0,0,0,0,0,0,0,0,0,1,39,68,70,83,85,,1,,,0,0,0,0,0,1,,,240,9117,9204,0,0,0,0
150,Criss,Criss,Class,7,20,1,2,0,0,0,0,0,0,0,0,0,0,0,0,1,,,,,,,1,,,0,0,0,0,0,0,,,240,9118,9205,0,0,0,0
151,Natasha,Natasha,Class,7,21,1,2,0,0,0,0,0,0,0,0,0,0,0,0,1,,,,,,,1,,,0,0,0,0,0,0,,,240,9118,9205,0,0,0,0
152,ChoiJiYoon,ChoiJiYoon,Class,7,22,1,2,0,0,0,0,0,0,0,0,0,0,0,0,1,,,,,,,1,,,0,0,0,0,0,0,,,240,9118,9205,0,0,0,0
153,Jennifer,Jennifer,Class,7,23,1,1,0,0,0,0,0,0,0,0,0,0,0,0,1,,,,,,,1,,,0,0,0,0,0,0,,,240,9118,9205,0,0,0,0
154,Ritsuka,Ritsuka,Class,7,24,1,1,0,0,0,0,0,0,0,0,0,0,0,0,1,,,,,,,1,,,0,0,0,0,0,0,,,240,9118,9205,0,0,0,0
155,Yuri,Yuri,Class,7,25,1,1,0,0,0,0,0,0,0,0,0,0,0,0,1,,,,,,,1,,,0,0,0,0,0,0,,,240,9118,9205,0,0,0,0
158,Hdagger,Hdagger,Equipment,11,4003,1,0,0,0,0,0,0,0,0,0,0,0,0,0,1,,,,,,,1,,,0,0,0,0,0,1,,,240,9118,9205,0,0,0,0
159,awpRED,AWPRED,Equipment,4,51,1,0,0,0,0,0,0,0,0,0,0,0,0,0,1,100,100,70,26,67,,1,,,0,0,0,0,0,1,,,480,9121,9208,0,0,0,0
160,m249RED,M249RED,Equipment,5,52,1,0,0,0,0,0,0,0,0,0,0,0,0,0,1,29,78,79,90,71,,1,,,0,0,0,0,0,1,,,480,9121,9208,0,0,0,0
161,defaultKnife,defaultKnife,Equipment,11,4000,1,0,0,0,0,0,0,0,0,0,0,0,0,0,1,,,,,,,1,,,0,0,0,0,0,1,,,0,0,0,0,0,0,0
163,SpeedZombie,SpeedZombie,PeriodicItem,8,0,1,0,0,0,0,0,0,0,0,0,0,0,0,0,1,,,,,,,1,,,0,0,0,0,0,1,,,240,9119,9206,0,0,0,0
164,NataKnife,NataKnife,PeriodicItem,11,4001,1,0,0,0,0,0,0,0,0,0,0,0,0,0,1,,,,,,,1,,,0,0,0,0,0,1,,,240,9118,9205,0,0,0,0
165,Decoder,Decoder,LotteryKeyItem,9,0,2,0,0,0,0,0,0,0,0,0,0,0,0,0,1,,,,,,,0,,,0,0,0,0,0,0,,,0,0,0,0,0,0,0
166,PasswordBox,PasswordBox,PeriodicItem,8,0,2,0,0,0,0,0,0,0,0,0,0,0,0,0,1,,,,,,,0,,,0,0,0,0,0,0,,,0,0,0,0,0,0,0
169,M400,M400,Equipment,4,53,1,0,0,0,0,0,0,0,0,0,0,0,0,0,1,100,100,67,24,65,,1,,,0,0,0,0,0,1,,,240,9115,9202,0,0,0,0
170,AK47G,AK47G,Equipment,4,55,1,0,0,0,0,0,0,0,0,0,0,0,0,0,1,31,83,79,91,72,,1,,,0,0,0,0,0,1,,,240,9115,9202,0,0,0,0
171,M4A1G,M4A1G,Equipment,4,54,1,0,0,0,0,0,0,0,0,0,0,0,0,0,1,29,88,92,91,76,,1,,,0,0,0,0,0,1,,,240,9115,9202,0,0,0,0
172,DeserteagleG,DeserteagleG,Equipment,1,56,1,0,0,0,0,0,0,0,0,0,0,0,0,0,1,47,45,70,81,85,,1,,,0,0,0,0,0,1,,,240,9115,9202,0,0,0,0
173,CashDecoder,CashDecoder,LotteryKeyItem,9,0,2,0,0,0,0,0,0,0,0,0,0,0,0,0,1,,,,,,,0,,DecoderA,0,0,0,0,0,0,,,0,0,0,0,0,0,0
175,HeavyZombie,HeavyZombie,PeriodicItem,8,0,1,0,0,0,0,0,0,0,0,0,0,0,0,0,1,,,,,,,1,,,0,0,0,0,0,1,,,240,9119,9206,0,0,0,0
176,Hammer,Hammer,PeriodicItem,11,4002,1,0,0,0,0,0,0,0,0,0,0,0,0,0,1,,,,,,,1,,,0,0,0,0,0,1,,,240,9118,9205,0,0,0,0
180,ZombieDoubleUp,ZombieDoubleUp,PeriodicItem,8,0,2,0,0,1,4,50,50,50,50,4,50,50,50,50,1,,,,,,,1,,,0,0,0,0,0,0,,,240,9121,9208,0,0,0,0
181,ZombiePointUp,ZombiePointUp,PeriodicItem,8,0,2,0,0,1,4,0,0,0,0,4,50,50,50,50,1,,,,,,,1,,,0,0,0,0,0,0,,,240,9121,9208,0,0,0,0
182,ZombieExpUp,ZombieExpUp,PeriodicItem,8,0,2,0,0,1,4,50,50,50,50,4,0,0,0,0,1,,,,,,,1,,,0,0,0,0,0,0,,,240,9121,9208,0,0,0,0
183,NatashaSpray,NatashaSpray,PeriodicItem,8,0,1,0,0,0,0,0,0,0,0,0,0,0,0,0,1,,,,,,,1,,,0,0,0,0,0,0,,,240,9118,9205,0,0,0,0
184,JenniferSpray,JenniferSpray,PeriodicItem,8,0,1,0,0,0,0,0,0,0,0,0,0,0,0,0,1,,,,,,,1,,,0,0,0,0,0,0,,,240,9118,9205,0,0,0,0
187,SL8,SL8,Equipment,4,57,1,0,0,0,0,0,0,0,0,0,0,0,0,0,1,54,61,80,85,67,,1,,,0,0,0,0,0,1,,,240,9117,9204,0,0,0,0
192,Fake01Spray,Fake01Spray,PeriodicItem,8,0,1,0,0,0,0,0,0,0,0,0,0,0,0,0,1,,,,,,,1,,,0,0,0,0,0,0,,,480,9121,9208,0,0,0,0
193,Fake02Spray,Fake02Spray,PeriodicItem,8,0,1,0,0,0,0,0,0,0,0,0,0,0,0,0,1,,,,,,,1,,,0,0,0,0,0,0,,,480,9121,9208,0,0,0,0
194,Fake03Spray,Fake03Spray,PeriodicItem,8,0,1,0,0,0,0,0,0,0,0,0,0,0,0,0,1,,,,,,,1,,,0,0,0,0,0,0,,,480,9121,9208,0,0,0,0
195,Fake04Spray,Fake04Spray,PeriodicItem,8,0,1,0,0,0,0,0,0,0,0,0,0,0,0,0,1,,,,,,,1,,,0,0,0,0,0,0,,,480,9121,9208,0,0,0,0
196,Fake05Spray,Fake05Spray,PeriodicItem,8,0,1,0,0,0,0,0,0,0,0,0,0,0,0,0,1,,,,,,,1,,,0,0,0,0,0,0,,,480,9121,9208,0,0,0,0
197,M1887,M1887,Equipment,2,58,1,0,0,0,0,0,0,0,0,0,0,0,0,0,1,70,100,22,62,76,,1,,,0,0,0,0,0,1,,,240,9117,9204,8,0,0,0
200,PCZombie,PCZombie,PeriodicItem,8,0,1,0,0,0,0,0,0,0,0,0,0,0,0,0,1,,,,,,,1,,,0,0,0,0,0,1,,,0,0,0,0,0,0,0
201,Sprint,Sprint,PeriodicItem,8,0,1,0,0,0,0,0,0,0,0,0,0,0,0,0,1,,,,,,,1,,,0,0,0,0,0,1,,,0,0,0,0,0,0,0
202,F2000,F2000,Equipment,4,60,1,0,0,0,0,0,0,0,0,0,0,0,0,0,1,28,91,83,91,71,,1,,,0,0,0,0,0,1,,,240,9115,9202,0,0,0,0
203,K1ASE,K1ASE,Equipment,3,61,1,0,0,0,0,0,0,0,0,0,0,0,0,0,1,28,78,87,91,83,,1,,,0,0,0,0,0,1,,,240,9115,9202,0,0,0,0
207,GongmoSpray01,GongmoSpray01,PeriodicItem,8,0,1,0,0,0,0,0,0,0,0,0,0,0,0,0,1,,,,,,,1,,,0,0,0,0,0,0,,,0,0,0,0,0,0,0
208,GongmoSpray02,GongmoSpray02,PeriodicItem,8,0,1,0,0,0,0,0,0,0,0,0,0,0,0,0,1,,,,,,,1,,,0,0,0,0,0,0,,,0,0,0,0,0,0,0
209,GongmoSpray03,GongmoSpray03,PeriodicItem,8,0,1,0,0,0,0,0,0,0,0,0,0,0,0,0,1,,,,,,,1,,,0,0,0,0,0,0,,,0,0,0,0,0,0,0
213,M134,M134,Equipment,5,59,1,0,0,0,0,0,0,0,0,0,0,0,0,0,1,33,54,96,100,46,,1,,,0,0,0,0,0,1,,,240,9117,9204,0,0,0,0
215,Firebomb,Firebomb,PeriodicItem,6,2009,1,0,0,0,0,0,0,0,0,0,0,0,0,0,1,,,,,,,1,,,0,0,0,0,0,1,,,0,0,0,0,0,0,0
216,ZombiDoctor,ZombiDoctor,PeriodicItem,8,0,1,0,0,0,0,0,0,0,0,0,0,0,0,0,1,,,,,,,1,,,0,0,0,0,0,1,,,0,0,0,0,0,0,0
220,M1887G,M1887G,Equipment,2,63,1,0,0,0,0,0,0,0,0,0,0,0,0,0,1,70,100,22,62,76,,1,,,0,0,0,0,0,1,,,0,0,0,8,0,0,0
221,SL8G,SL8G,Equipment,4,64,1,0,0,0,0,0,0,0,0,0,0,0,0,0,1,56,64,80,85,67,,1,,,0,0,0,0,0,1,,,240,9115,9202,0,0,0,0
222,Guitar,Guitar,Equipment,4,65,1,0,0,0,0,0,0,0,0,0,0,0,0,0,1,30,91,82,89,78,,1,,,0,0,0,0,0,1,,,0,0,0,0,0,0,0
233,M24,M24,Equipment,4,66,1,0,0,0,0,0,0,0,0,0,0,0,0,0,1,99,92,70,24,85,,1,,,0,0,0,0,0,1,,,240,9118,9205,0,0,0,0
237,Axe,Axe,PeriodicItem,11,4005,1,0,0,0,0,0,0,0,0,0,0,0,0,0,1,,,,,,,1,,,0,0,0,0,0,1,,,240,9117,9204,0,0,0,0
242,Infinity,Infinity,Equipment,1,67,1,0,0,0,0,0,0,0,0,0,0,0,0,0,1,"28,26","68, 60","70,81","87,90","85,85",,1,,,0,0,0,0,0,1,,,240,9117,9204,0,0,0,0
243,WaterGun,WaterGun,Equipment,3,68,1,0,0,0,0,0,0,0,0,0,0,0,0,0,1,23,79,92,92,85,,1,,,0,0,0,0,0,1,,,240,9115,9202,0,0,0,0
244,M4A1Gold,M4A1Gold,Equipment,4,69,1,0,0,0,0,0,0,0,0,0,0,0,0,0,1,29,88,92,91,76,,1,,,0,0,0,0,0,1,,,0,0,0,0,0,0,0
245,InfinityEX1,InfinityEX1,Equipment,1,70,1,0,0,0,0,0,0,0,0,0,0,0,0,0,1,"30,28","77, 63","70,81","87,90","85,85",,1,,,0,0,0,0,0,1,,,0,0,0,0,0,0,0
248,Combatknife,Combatknife,PeriodicItem,11,4006,1,0,0,0,0,0,0,0,0,0,0,0,0,0,1,,,,,,,1,,,0,0,0,0,0,1,,,240,9116,9202,0,0,0,0
249,Mastercombatknife,Mastercombatknife,PeriodicItem,11,4007,1,0,0,0,0,0,0,0,0,0,0,0,0,0,1,,,,,,,1,,,0,0,0,0,0,1,,,480,9121,9208,0,0,0,0
252,ZombieHnoWeapon,ZombieHnoWeapon,PeriodicItem,8,0,1,0,0,0,0,0,0,0,0,0,0,0,0,0,1,,,,,,,1,,,0,0,0,0,0,1,,,240,9121,9208,0,0,0,0
253,Gerrard,Gerrard,Class,7,26,1,2,0,0,0,0,0,0,0,0,0,0,0,0,1,,,,,,,1,,,5,10,5,10,0,0,,,0,0,0,0,0,0,0
254,Davidblack,Davidblack,Class,7,27,1,1,0,0,0,0,0,0,0,0,0,0,0,0,1,,,,,,,1,,,5,10,5,10,0,0,,,0,0,0,0,0,0,0
258,Scen_hp30,Scen_hp30,Requirement,9,0,0,0,0,0,0,0,0,0,0,0,0,0,0,0,1,,,,,,,0,,,0,0,0,0,0,1,,,10,9121,0,0,0,0,0
259,Scen_hp100,Scen_hp100,Requirement,9,0,0,0,0,0,0,0,0,0,0,0,0,0,0,0,1,,,,,,,0,,,0,0,0,0,0,1,,,10,9120,0,0,0,0,0
260,Scen_respawn,Scen_respawn,Requirement,9,0,0,0,0,0,0,0,0,0,0,0,0,0,0,0,1,,,,,,,0,,,0,0,0,0,0,1,,,10,9120,0,0,0,0,0
261,M79,M79,Equipment,1,75,1,0,0,0,0,0,0,0,0,0,0,0,0,0,1,70,100,100,10,85,,1,,,0,0,0,0,0,1,,,240,9117,9204,0,0,0,0
265,SDHvyZbSpray01,SDHvyZbSpray01,PeriodicItem,8,0,1,0,0,0,0,0,0,0,0,0,0,0,0,0,1,,,,,,,1,,,0,0,0,0,0,0,,,0,0,0,0,0,0,0
266,SDLgtZbSpray01,SDLgtZbSpray01,PeriodicItem,8,0,1,0,0,0,0,0,0,0,0,0,0,0,0,0,1,,,,,,,1,,,0,0,0,0,0,0,,,0,0,0,0,0,0,0
267,M134_Xmas,M134_Xmas,Equipment,5,76,1,0,0,0,0,0,0,0,0,0,0,0,0,0,1,33,54,96,100,46,,1,,,0,0,0,0,0,1,,,0,0,0,0,0,0,0
268,MG3_Xmas,MG3_Xmas,Equipment,5,77,1,0,0,0,0,0,0,0,0,0,0,0,0,0,1,30,73,78,91,71,,1,,,0,0,0,0,0,1,,,0,0,0,8,0,0,0
270,InfinityEX2,InfinityEX2,Equipment,1,78,1,0,0,0,0,0,0,0,0,0,0,0,0,0,1,"34, 30","85, 69","70,80","88,90","85,85",,1,,,0,0,0,0,0,1,,,480,9121,9208,0,0,0,0
271,HK23,HK23,Equipment,5,79,1,0,0,0,0,0,0,0,0,0,0,0,0,0,1,27,80,82,90,74,,1,,,0,0,0,0,0,1,,,240,9117,9204,8,0,0,0
275,CityMap01,CityMap01,EventItem,9,0,2,0,0,0,0,0,0,0,0,0,0,0,0,0,1,,,,,,,0,,,0,0,0,0,0,0,,,5,9121,0,0,0,0,0
276,RexEquip01,RexEquip01,EventItem,9,0,2,0,0,0,0,0,0,0,0,0,0,0,0,0,1,,,,,,,0,,,0,0,0,0,0,0,,,5,9121,0,0,0,0,0
277,AndreyNote01,AndreyNote01,EventItem,9,0,2,0,0,0,0,0,0,0,0,0,0,0,0,0,1,,,,,,,0,,,0,0,0,0,0,0,,,5,9121,0,0,0,0,0
278,PhobosSample,PhobosSample,EventItem,9,0,2,0,0,0,0,0,0,0,0,0,0,0,0,0,1,,,,,,,0,,,0,0,0,0,0,0,,,5,9121,0,0,0,0,0
283,Crossbow,Crossbow,Equipment,4,83,1,0,0,0,0,0,0,0,0,0,0,0,0,0,1,42,87,93,89,81,,1,,,0,0,0,0,0,1,,,240,9115,9202,0,0,0,0
285,StaminaDrug,StaminaDrug,PeriodicItem,8,0,1,0,0,0,0,0,0,0,0,0,0,0,0,0,1,,,,,,,1,,,0,0,0,0,0,1,,,480,9121,9208,0,0,0,0
286,PowerAmplifier,PowerAmplifier,PeriodicItem,8,0,1,0,0,0,0,0,0,0,0,0,0,0,0,0,1,,,,,,,1,,,0,0,0,0,0,1,,,480,9121,9208,0,0,0,0
287,ResearchFund,ResearchFund,PeriodicItem,8,0,1,0,0,0,0,0,0,0,0,0,0,0,0,0,1,,,,,,,1,,,0,0,0,0,0,1,,,480,9121,9208,0,0,0,0
288,MoneyExtractor,MoneyExtractor,PeriodicItem,8,0,1,0,0,0,0,0,0,0,0,0,0,0,0,0,1,,,,,,,1,,,0,0,0,0,0,1,,,480,9121,9208,0,0,0,0
300,RoundRetry,RoundRetry,Requirement,9,0,0,0,0,0,0,0,0,0,0,0,0,0,0,0,1,,,,,,,0,,,0,0,0,0,0,1,,,10,9120,0,0,0,0,0
301,Fake06Spray,Fake06Spray,PeriodicItem,8,0,1,0,0,0,0,0,0,0,0,0,0,0,0,0,1,,,,,,,1,,,0,0,0,0,0,0,,,480,9121,9208,0,0,0,0
302,Fake07Spray,Fake07Spray,PeriodicItem,8,0,1,0,0,0,0,0,0,0,0,0,0,0,0,0,1,,,,,,,1,,,0,0,0,0,0,0,,,480,9121,9208,0,0,0,0
303,Fake08Spray,Fake08Spray,PeriodicItem,8,0,1,0,0,0,0,0,0,0,0,0,0,0,0,0,1,,,,,,,1,,,0,0,0,0,0,0,,,480,9121,9208,0,0,0,0
304,m14ebr,m14ebr,Equipment,4,87,1,0,0,0,0,0,0,0,0,0,0,0,0,0,1,40,86,76,89,69,,1,,,0,0,0,0,0,1,,,240,9117,9204,8,0,0,0
305,Deimos,Deimos,PeriodicItem,8,0,1,0,0,0,0,0,0,0,0,0,0,0,0,0,1,,,,,,,1,,,0,0,0,0,0,1,,,240,9119,9206,0,0,0,0
306,DeadlyShot,DeadlyShot,PeriodicItem,8,0,1,0,0,0,0,0,0,0,0,0,0,0,0,0,1,,,,,,,1,,,0,0,0,0,0,1,,,240,9121,9208,0,0,0,0
307,DoubleBarrel Shotgun,dbarrel,Equipment,2,90,1,0,0,0,0,0,0,0,0,0,0,0,0,0,1,85,100,12,87,81,,1,,,0,0,0,0,0,1,,,240,9117,9204,0,0,0,0
309,ThompsonGold,thompsongold,Equipment,3,89,1,0,0,0,0,0,0,0,0,0,0,0,0,0,1,28,74,91,91,83,,1,,,0,0,0,0,0,1,,,240,9115,9202,0,0,0,0
310,USAS12Army,usas12camo,Equipment,2,88,1,0,0,0,0,0,0,0,0,0,0,0,0,0,1,61,100,48,83,62,,1,,,0,0,0,0,0,1,,,240,9115,9202,0,0,0,0
314,scCannon,scCannon,PeriodicItem,8,0,1,0,0,0,0,0,0,0,0,0,0,0,0,0,1,,,,,,,1,,,0,0,0,0,0,1,,,240,9121,9208,0,0,0,0
315,scNHawk,scNHawk,PeriodicItem,8,0,1,0,0,0,0,0,0,0,0,0,0,0,0,0,1,,,,,,,1,,,0,0,0,0,0,1,,,240,9121,9208,0,0,0,0
316,scVIP,scVIP,Class,7,30,1,2,0,0,0,0,0,0,0,0,0,0,0,0,1,20,25,18,22,19,,1,,,0,0,0,0,0,0,,,240,9118,9205,0,0,0,0
317,scJRA,scJRA,Class,7,29,1,1,0,0,0,0,0,0,0,0,0,0,0,0,1,21,17,24,18,24,,1,,,0,0,0,0,0,0,,,240,9118,9205,0,0,0,0
318,scCJY,scCJY,Class,7,28,1,2,0,0,0,0,0,0,0,0,0,0,0,0,1,22,16,24,26,16,,1,,,0,0,0,0,0,0,,,240,9118,9205,0,0,0,0
319,scYuri,scYuri,Class,7,31,1,1,0,0,0,0,0,0,0,0,0,0,0,0,1,16,26,23,20,19,,1,,,0,0,0,0,0,0,,,240,9118,9205,0,0,0,0
320,InfinitySB,infinitysb,Equipment,1,84,2,0,0,0,0,0,0,0,0,0,0,0,0,0,1,38,71,70,81,85,,1,,,0,0,0,0,0,1,,,0,0,0,0,0,0,0
322,Kriss,kriss,Equipment,3,95,1,0,0,0,0,0,0,0,0,0,0,0,0,0,1,25,77,86,91,83,,1,,,0,0,0,0,0,1,,,240,9117,9204,0,0,0,0
324,StaminaDrugSP,StaminaDrugSP,PeriodicItem,8,0,1,0,0,0,0,0,0,0,0,0,0,0,0,0,1,,,,,,,1,,,0,0,0,0,0,1,,,480,9121,9208,0,0,0,0
325,PowerAmplifierSP,PowerAmplifierSP,PeriodicItem,8,0,1,0,0,0,0,0,0,0,0,0,0,0,0,0,1,,,,,,,1,,,0,0,0,0,0,1,,,480,9121,9208,0,0,0,0
326,PhobosBlood,PhobosBlood,EventItem,9,0,2,0,0,0,0,0,0,0,0,0,0,0,0,0,1,,,,,,,0,,,0,0,0,0,0,0,,,5,9121,0,0,0,0,0
327,SKULL7,m249ex,Equipment,5,96,1,0,0,0,0,0,0,0,0,0,0,0,0,0,1,31,84,80,90,71,,1,,,0,0,0,0,0,1,,,240,9116,9203,0,0,0,0
328,CHNGirl01,CHNGirl01,Class,7,33,1,2,0,0,0,0,0,0,0,0,0,0,0,0,1,21,25,20,22,16,,1,,,0,0,0,0,0,0,,,240,9118,9205,0,0,0,0
329,JPNGirl01,JPNGirl01,Class,7,32,1,1,0,0,0,0,0,0,0,0,0,0,0,0,1,26,16,19,23,20,,1,,,0,0,0,0,0,0,,,240,9118,9205,0,0,0,0
330,WaterPistol,WaterPistol,Equipment,1,97,1,0,0,0,0,0,0,0,0,0,0,0,0,0,1,17,71,100,89,85,,1,,,0,0,0,0,0,1,,,240,9115,9202,0,0,0,0
334,Sentry,Sentry,Requirement,9,0,0,0,0,0,0,0,0,0,0,0,0,0,0,0,1,,,,,,,0,,,0,0,0,0,0,1,,,10,9121,0,0,0,0,0
337,WA2000,wa2000,Equipment,4,98,1,0,0,0,0,0,0,0,0,0,0,0,0,0,1,96,92,45,69,67,,1,,,0,0,0,0,0,1,,,240,9117,9204,8,0,0,0
338,BlackBox,BlackBox,EventItem,9,0,2,0,0,0,0,0,0,0,0,0,0,0,0,0,1,,,,,,,0,,,0,0,0,0,0,0,,,5,9121,0,0,0,0,0
339,AT4,AT4,Equipment,6,101,1,0,0,0,0,0,0,0,0,0,0,0,0,0,1,96,100,12,0,58,,1,,,0,0,0,0,0,1,,,240,9118,9205,0,0,0,0
340,PilotTag,PilotTag,EventItem,9,0,2,0,0,0,0,0,0,0,0,0,0,0,0,0,1,,,,,,,0,,,0,0,0,0,0,0,,,5,9121,0,0,0,0,0
341,Gold Luger,lugerg,Equipment,1,99,1,0,0,0,0,0,0,0,0,0,0,0,0,0,1,36,51,70,84,85,,1,,,0,0,0,0,0,1,,,240,9115,9202,8,0,0,0
343,TAR21,TAR21,Equipment,4,102,1,0,0,0,0,0,0,0,0,0,0,0,0,0,1,28,89,83,91,71,,1,,,0,0,0,0,0,1,,,240,9118,9205,0,0,0,0
344,Barret M95,M95,Equipment,4,103,1,0,0,0,0,0,0,0,0,0,0,0,0,0,1,100,100,40,24,62,,1,,,0,0,0,0,0,1,,,240,9117,9204,8,0,0,0
345,KATANA,katana,PeriodicItem,11,4009,1,0,0,0,0,0,0,0,0,0,0,0,0,0,1,,,,,,,1,,,0,0,0,0,0,1,,,240,9117,9204,0,0,0,0
347,Dual Kriss,dualkriss,Equipment,3,105,1,0,0,0,0,0,0,0,0,0,0,0,0,0,1,26,76,86,93,78,,1,,,0,0,0,0,0,1,,,480,9121,9208,0,0,0,0
348,ItemViewer,ItemViewer,Requirement,9,0,0,0,0,0,0,0,0,0,0,0,0,0,0,0,1,,,,,,,0,,,0,0,0,0,0,0,,,10,9120,0,0,0,0,0
349,DroneControler,DroneControler,EventItem,9,0,2,0,0,0,0,0,0,0,0,0,0,0,0,0,1,,,,,,,0,,,0,0,0,0,0,0,,,5,9121,0,0,0,0,0
350,StaminaDrugH,StaminaDrugH,PeriodicItem,8,0,1,0,0,0,0,0,0,0,0,0,0,0,0,0,1,,,,,,,1,,,0,0,0,0,0,1,,,480,9121,9208,0,0,0,0
351,PowerAmplifierH,PowerAmplifierH,PeriodicItem,8,0,1,0,0,0,0,0,0,0,0,0,0,0,0,0,1,,,,,,,1,,,0,0,0,0,0,1,,,480,9121,9208,0,0,0,0
352,ResearchFundH,ResearchFundH,PeriodicItem,8,0,1,0,0,0,0,0,0,0,0,0,0,0,0,0,1,,,,,,,1,,,0,0,0,0,0,1,,,480,9121,9208,0,0,0,0
353,MoneyExtractorH,MoneyExtractorH,PeriodicItem,8,0,1,0,0,0,0,0,0,0,0,0,0,0,0,0,1,,,,,,,1,,,0,0,0,0,0,1,,,480,9121,9208,0,0,0,0
354,MG3 Gold,mg3g,Equipment,5,109,1,0,0,0,0,0,0,0,0,0,0,0,0,0,1,30,73,78,91,71,,1,,,0,0,0,0,0,1,,,240,9115,9202,8,0,0,0
355,M60,m60,Equipment,5,106,1,0,0,0,0,0,0,0,0,0,0,0,0,0,1,31,83,80,90,71,,1,,,0,0,0,0,0,1,,,240,9117,9204,8,0,0,0
356,AN94,an94,Equipment,4,107,1,1,15,0,0,0,0,0,0,0,0,0,0,0,1,28,91,91,80,71,,1,,,0,0,0,0,0,1,,,240,9118,9205,0,0,0,0
357,M16A4,m16a4,Equipment,4,108,1,2,15,0,0,0,0,0,0,0,0,0,0,0,1,27,90,90,85,71,,1,,,0,0,0,0,0,1,,,240,9118,9205,0,0,0,0
358,Deimos2,Deimos2,PeriodicItem,8,0,1,0,0,0,0,0,0,0,0,0,0,0,0,0,1,,,,,,,1,,,0,0,0,0,0,1,,,240,9119,9206,0,0,0,0
359,Meleeup,Meleeup,PeriodicItem,8,0,1,0,0,0,0,0,0,0,0,0,0,0,0,0,1,,,,,,,1,,,0,0,0,0,0,1,,,240,9121,9208,0,0,0,0
360,ma_alicered,ma_AliceRED,Class,7,39,1,1,0,0,0,0,0,0,0,0,0,0,0,0,1,22,18,19,26,19,,1,,,0,0,0,0,0,0,ma_Alice,0,240,9118,9205,0,0,0,0
361,ma_aliceblue,ma_AliceBLUE,Class,7,40,1,2,0,0,0,0,0,0,0,0,0,0,0,0,1,22,18,19,26,19,,1,,,0,0,0,0,0,0,ma_Alice,1,240,9118,9205,0,0,0,0
363,SKULL9,skullaxe,PeriodicItem,11,4010,1,0,0,0,0,0,0,0,0,0,0,0,0,0,1,,,,,,,1,,,0,0,0,0,0,1,,,240,9116,9203,0,0,0,0
367,SKULL5,skull5,Equipment,4,112,1,0,0,0,0,0,0,0,0,0,0,0,0,0,1,80,64,64,80,65,,1,,,0,0,0,0,0,1,,,240,9116,9203,0,0,0,0
368,OberonBone,OberonBone,EventItem,9,0,2,0,0,0,0,0,0,0,0,0,0,0,0,0,1,,,,,,,0,,,0,0,0,0,0,0,,,5,9121,0,0,0,0,0
369,OberonDNA,OberonDNA,EventItem,9,0,2,0,0,0,0,0,0,0,0,0,0,0,0,0,1,,,,,,,0,,,0,0,0,0,0,0,,,5,9121,0,0,0,0,0
370,Thompson,thompson,Equipment,3,113,1,0,0,0,0,0,0,0,0,0,0,0,0,0,1,28,70,91,91,80,,1,,,0,0,0,0,0,1,,,240,9117,9204,8,0,0,0
371,Luger,luger,Equipment,1,114,1,0,0,0,0,0,0,0,0,0,0,0,0,0,1,36,51,70,84,85,,1,,,0,0,0,0,0,1,,,240,9117,9204,8,0,0,0
373,Chaos Tattoo,ttChaos,Tattoo,8,0,1,0,0,2,0,0,0,0,0,0,0,0,0,0,1,,,,,,,1,,,0,0,0,0,0,1,,,240,9120,9207,0,0,0,0
378,questReassign,questReassign,Requirement,9,0,0,0,0,0,0,0,0,0,0,0,0,0,0,0,1,,,,,,,0,,,0,0,0,0,0,0,,,10,9120,0,0,0,0,0
379,SFGun,sfgun,Equipment,4,116,1,0,0,0,0,0,0,0,0,0,0,0,0,0,1,26,87,86,92,71,,1,,,0,0,0,0,0,1,,,240,9115,9202,0,0,0,0
380,Wa2000G,wa2000g,Equipment,4,117,1,0,0,0,0,0,0,0,0,0,0,0,0,0,1,96,92,45,69,67,,1,,,0,0,0,0,0,1,,,240,9115,9202,8,0,0,0
381,BossKey,BossKey,PeriodicItem,8,0,1,0,0,0,0,0,0,0,0,0,0,0,0,0,1,,,,,,,1,,,0,0,0,0,0,1,,,480,9121,9208,0,0,0,0
382,xm2010,xm2010,Equipment,4,119,1,0,0,0,0,0,0,0,0,0,0,0,0,0,1,100,92,70,27,71,,1,,,0,0,0,0,0,1,,,240,9117,9204,8,0,0,0
383,sl8ex,sl8ex,Equipment,4,120,1,0,0,0,0,0,0,0,0,0,0,0,0,0,1,56,64,80,85,67,,1,,,0,0,0,0,0,1,,,480,9121,9208,0,0,0,0
384,ksg12,ksg12,Equipment,2,121,1,0,0,0,0,0,0,0,0,0,0,0,0,0,1,70,100,33,58,81,,1,,,0,0,0,0,0,1,,,240,9117,9204,8,0,0,0
385,as50,as50,Equipment,4,122,1,0,0,0,0,0,0,0,0,0,0,0,0,0,1,100,69,29,75,65,,1,,,0,0,0,0,0,1,,,240,9117,9204,8,0,0,0
400,stg44,stg44,Equipment,4,128,1,0,0,0,0,0,0,0,0,0,0,0,0,0,1,30,85,77,90,71,,1,,,0,0,0,0,0,1,,,240,9117,9204,8,0,0,0
408,AK47L,AK47L,Equipment,8,50,1,0,0,0,0,0,0,0,0,0,0,0,0,0,1,,,,,,,1,,,0,0,0,0,0,1,,,0,0,0,0,0,0,0
417,at4ex,at4ex,Equipment,6,133,1,0,0,0,0,0,0,0,0,0,0,0,0,0,1,100,100,12,0,62,,1,,,0,0,0,0,0,1,,,240,9117,9204,0,0,0,0
436,tomahawk,tomahawk,PeriodicItem,11,4013,1,0,0,0,0,0,0,0,0,0,0,0,0,0,1,,,,,,,1,,,0,0,0,0,0,1,,,240,9117,9204,0,0,0,0
438,MP7A1_D,MP7A1_D,Equipment,8,48,1,0,0,0,0,0,0,0,0,0,0,0,0,0,1,,,,,,,1,,,0,0,0,0,0,1,,,0,0,0,0,0,0,0
443,FNC,fnc,Equipment,4,160,1,1,35,0,0,0,0,0,0,0,0,0,0,0,1,27,80,84,91,76,,1,,,0,0,0,0,0,1,,,240,9118,9205,0,0,0,0
444,L85A2,l85a2,Equipment,4,161,1,2,35,0,0,0,0,0,0,0,0,0,0,0,1,26,89,82,91,76,,1,,,0,0,0,0,0,1,,,240,9118,9205,0,0,0,0
445,automag,automag,Equipment,1,162,1,0,45,0,0,0,0,0,0,0,0,0,0,0,1,47,52,67,80,85,,1,,,0,0,0,0,0,1,,,240,9118,9205,0,0,0,0
446,AKM,akm,Equipment,4,163,1,1,55,0,0,0,0,0,0,0,0,0,0,0,1,30,85,81,91,74,,1,,,0,0,0,0,0,1,,,240,9118,9205,0,0,0,0
447,HK416,hk416,Equipment,4,165,1,2,55,0,0,0,0,0,0,0,0,0,0,0,1,28,90,94,91,76,,1,,,0,0,0,0,0,1,,,240,9118,9205,0,0,0,0
448,AW50,aw50,Equipment,4,166,1,0,60,0,0,0,0,0,0,0,0,0,0,0,1,100,100,48,24,62,,1,,,0,0,0,0,0,1,,,240,9118,9205,0,0,0,0
449,BlaserR93,blaser93,Equipment,4,167,1,0,65,0,0,0,0,0,0,0,0,0,0,0,1,100,99,63,29,69,,1,,,0,0,0,0,0,1,,,240,9118,9205,0,0,0,0
455,gdmweaponlistcash,gdmweaponlistcash,PeriodicItem,8,0,1,0,0,0,0,0,0,0,0,0,0,0,0,0,1,,,,,,,1,,,0,0,0,0,0,1,,,240,9120,9207,0,0,0,0
464,weaknessreport,weaknessreport,PeriodicItem,8,0,1,0,0,0,0,0,0,0,0,0,0,0,0,0,1,,,,,,,1,,,0,0,0,0,0,1,,,480,9121,9208,0,0,0,0
471,coscathead,coscathead,HeadCostume,12,0,1,0,0,0,0,0,0,0,0,0,0,0,0,0,8,,,,,,,1,,,0,0,0,0,0,1,,,480,9120,9207,0,0,0,0
472,coscatback,coscatback,BackCostume,12,0,1,0,0,0,0,0,0,0,0,0,0,0,0,0,8,,,,,,,1,,,0,0,0,0,0,1,,,240,9119,9206,0,0,0,0
473,coscatpelvis,coscatpelvis,PelvisCostume,12,0,1,0,0,0,0,0,0,0,0,0,0,0,0,0,8,,,,,,,1,,,0,0,0,0,0,1,,,480,9120,9207,0,0,0,0
474,coscatface,coscatface,FaceCostume,12,0,1,0,0,0,0,0,0,0,0,0,0,0,0,0,8,,,,,,,1,,,0,0,0,0,0,1,,,0,0,0,0,0,0,0
477,cosdevilhead,cosdevilhead,HeadCostume,12,0,1,0,0,0,0,0,0,0,0,0,0,0,0,0,8,,,,,,,1,,,0,0,0,0,0,1,,,480,9120,9207,0,0,0,0
478,cosdevilback,cosdevilback,BackCostume,12,0,1,0,0,0,0,0,0,0,0,0,0,0,0,0,8,,,,,,,1,,,0,0,0,0,0,1,,,480,9120,9207,0,0,0,0
479,cosdevilpelvis,cosdevilpelvis,PelvisCostume,12,0,1,0,0,0,0,0,0,0,0,0,0,0,0,0,8,,,,,,,1,,,0,0,0,0,0,1,,,480,9120,9207,0,0,0,0
480,katanad,katanad,Equipment,11,4015,1,0,0,0,0,0,0,0,0,0,0,0,0,0,1,,,,,,,1,,,0,0,0,0,0,1,,,480,9121,9208,0,0,0,0
491,ak47red,ak47red,Equipment,4,184,1,1,0,0,0,0,0,0,0,0,0,0,0,0,1,31,83,79,91,72,,1,,,0,0,0,0,0,1,,,480,9121,9208,0,0,0,0
492,m4a1red,m4a1red,Equipment,4,185,1,2,0,0,0,0,0,0,0,0,0,0,0,0,1,29,88,92,91,76,,1,,,0,0,0,0,0,1,,,480,9121,9208,0,0,0,0
509,g11,g11,Equipment,4,189,1,0,0,0,0,0,0,0,0,0,0,0,0,0,1,25,86,85,92,74,,1,,,0,0,0,0,0,1,,,240,9117,9204,8,0,0,0
525,k3,k3,Equipment,5,197,1,0,0,0,0,0,0,0,0,0,0,0,0,0,1,25,82,73,90,78,,1,,,0,0,0,0,0,1,,,0,0,0,5,0,0,0
545,turkeytattoo,ttturkey,Tattoo,8,0,1,0,0,2,0,0,0,0,0,0,0,0,0,0,1,,,,,,,1,,,0,0,0,0,0,1,,,480,9121,9208,0,0,0,0
553,ak74u,ak74u,Equipment,4,204,1,1,10,0,0,0,0,0,0,0,0,0,0,0,1,29,81,78,92,76,,1,,,0,0,0,0,0,1,,,240,9118,9205,0,0,0,0
555,EventCashDecoder,EventCashDecoder,LotteryKeyItem,9,0,2,0,0,0,0,0,0,0,0,0,0,0,0,0,1,,,,,,,0,,EventDecoderA,0,0,0,0,0,0,,,0,0,0,0,0,0,0
556,watercannon,watercannon,Equipment,6,209,1,0,0,0,0,0,0,0,0,0,0,0,0,0,1,21,0,100,100,76,,1,,,0,0,0,0,0,1,,,240,9117,9204,0,0,0,0
573,beast-snowman,beast-snowman,Equipment,4,4022,1,0,0,0,0,0,0,0,0,0,0,0,0,0,1,,,,,,,1,,,0,0,0,0,0,1,,,0,0,0,0,0,0,0
574,cospolarbearhead,cospolarbearhead,HeadCostume,12,0,1,0,0,0,0,0,0,0,0,0,0,0,0,0,8,,,,,,,1,,,0,0,0,0,0,1,,,480,9121,9208,0,0,0,0
575,cospolarbearback,cospolarbearback,BackCostume,12,0,1,0,0,0,0,0,0,0,0,0,0,0,0,0,8,,,,,,,1,,,0,0,0,0,0,1,,,480,9121,9208,0,0,0,0
588,groza,groza,Equipment,4,229,1,0,0,0,0,0,0,0,0,0,0,0,0,0,1,35,79,77,90,81,,1,,,0,0,0,0,0,1,,,240,9117,9204,0,0,0,0
599,wc13spray,wc13spray,PeriodicItem,8,0,1,0,0,0,0,0,0,0,0,0,0,0,0,0,1,,,,,,,1,,,0,0,0,0,0,0,,,480,9121,9208,0,0,0,0
603,ranktier1spray,ranktier1spray,PeriodicItem,8,0,1,0,0,0,0,0,0,0,0,0,0,0,0,0,1,,,,,,,1,,,0,0,0,0,0,0,,,480,9121,9208,0,0,0,0
604,ranktier2spray,ranktier2spray,PeriodicItem,8,0,1,0,0,0,0,0,0,0,0,0,0,0,0,0,1,,,,,,,1,,,0,0,0,0,0,0,,,480,9121,9208,0,0,0,0
605,ranktier3spray,ranktier3spray,PeriodicItem,8,0,1,0,0,0,0,0,0,0,0,0,0,0,0,0,1,,,,,,,1,,,0,0,0,0,0,0,,,480,9121,9208,0,0,0,0
606,ranktier4spray,ranktier4spray,PeriodicItem,8,0,1,0,0,0,0,0,0,0,0,0,0,0,0,0,1,,,,,,,1,,,0,0,0,0,0,0,,,480,9121,9208,0,0,0,0
607,ranktier5spray,ranktier5spray,PeriodicItem,8,0,1,0,0,0,0,0,0,0,0,0,0,0,0,0,1,,,,,,,1,,,0,0,0,0,0,0,,,480,9121,9208,0,0,0,0
676,itemextend,itemextend,ItemExtend,8,0,0,0,0,0,0,0,0,0,0,0,0,0,0,0,1,,,,,,,0,,,0,0,0,0,0,0,,,0,0,0,0,0,0,0
693,scgoblin,scgoblin,PeriodicItem,8,0,1,0,0,0,0,0,0,0,0,0,0,0,0,0,1,,,,,,,1,,,0,0,0,0,0,1,,,0,0,0,0,0,0,0
694,scsummon,scsummon,PeriodicItem,8,0,1,0,0,0,0,0,0,0,0,0,0,0,0,0,1,,,,,,,1,,,0,0,0,0,0,1,,,0,0,0,0,0,0,0
695,sctwister,sctwister,PeriodicItem,8,0,1,0,0,0,0,0,0,0,0,0,0,0,0,0,1,,,,,,,1,,,0,0,0,0,0,1,,,0,0,0,0,0,0,0
1001,LevelGiftBox1,LevelGiftBox1,RewardItem,8,0,2,0,0,0,0,0,0,0,0,0,0,0,0,0,1,,,,,,,0,,,0,0,0,0,1001,0,,,0,0,0,0,0,0,0
1002,LevelGiftBox2,LevelGiftBox2,RewardItem,8,0,2,0,3,0,0,0,0,0,0,0,0,0,0,0,1,,,,,,,0,,,0,0,0,0,1002,0,,,0,0,0,0,0,0,0
1003,LevelGiftBox3,LevelGiftBox3,RewardItem,8,0,2,0,5,0,0,0,0,0,0,0,0,0,0,0,1,,,,,,,0,,,0,0,0,0,1003,0,,,0,0,0,0,0,0,0
1004,LevelGiftBox4,LevelGiftBox4,RewardItem,8,0,2,0,10,0,0,0,0,0,0,0,0,0,0,0,1,,,,,,,0,,,0,0,0,0,1004,0,,,0,0,0,0,0,0,0
1005,LevelGiftBox5,LevelGiftBox5,RewardItem,8,0,2,0,15,0,0,0,0,0,0,0,0,0,0,0,1,,,,,,,0,,,0,0,0,0,1005,0,,,0,0,0,0,0,0,0
1006,LevelGiftBox6,LevelGiftBox6,RewardItem,8,0,2,0,20,0,0,0,0,0,0,0,0,0,0,0,1,,,,,,,0,,,0,0,0,0,1006,0,,,0,0,0,0,0,0,0
1007,LevelGiftBox7,LevelGiftBox7,RewardItem,8,0,2,0,25,0,0,0,0,0,0,0,0,0,0,0,1,,,,,,,0,,,0,0,0,0,1007,0,,,0,0,0,0,0,0,0
1008,LevelGiftBox8,LevelGiftBox8,RewardItem,8,0,2,0,30,0,0,0,0,0,0,0,0,0,0,0,1,,,,,,,0,,,0,0,0,0,1008,0,,,0,0,0,0,0,0,0
1009,ConfidentialTrunk,ConfidentialTrunk,RewardItem,9,0,2,0,0,0,0,0,0,0,0,0,0,0,0,0,1,,,,,,,0,,,0,0,0,0,1009,0,,,0,0,0,0,0,0,0
1015,ConfidentialTrunkH,ConfidentialTrunkH,RewardItem,9,0,2,0,0,0,0,0,0,0,0,0,0,0,0,0,1,,,,,,,0,,,0,0,0,0,1015,0,,,0,0,0,0,0,0,0
1016,LevelGiftBox9,LevelGiftBox9,RewardItem,8,0,2,0,35,0,0,0,0,0,0,0,0,0,0,0,1,,,,,,,0,,,0,0,0,0,1016,0,,,0,0,0,0,0,0,0
1017,LevelGiftBox10,LevelGiftBox10,RewardItem,8,0,2,0,40,0,0,0,0,0,0,0,0,0,0,0,1,,,,,,,0,,,0,0,0,0,1017,0,,,0,0,0,0,0,0,0
1018,LevelGiftBox11,LevelGiftBox11,RewardItem,8,0,2,0,45,0,0,0,0,0,0,0,0,0,0,0,1,,,,,,,0,,,0,0,0,0,1018,0,,,0,0,0,0,0,0,0
1019,LevelGiftBox12,LevelGiftBox12,RewardItem,8,0,2,0,50,0,0,0,0,0,0,0,0,0,0,0,1,,,,,,,0,,,0,0,0,0,1019,0,,,0,0,0,0,0,0,0
1020,LevelGiftBox13,LevelGiftBox13,RewardItem,8,0,2,0,55,0,0,0,0,0,0,0,0,0,0,0,1,,,,,,,0,,,0,0,0,0,1020,0,,,0,0,0,0,0,0,0
1021,LevelGiftBox14,LevelGiftBox14,RewardItem,8,0,2,0,60,0,0,0,0,0,0,0,0,0,0,0,1,,,,,,,0,,,0,0,0,0,1021,0,,,0,0,0,0,0,0,0
1022,LevelGiftBox15,LevelGiftBox15,RewardItem,8,0,2,0,65,0,0,0,0,0,0,0,0,0,0,0,1,,,,,,,0,,,0,0,0,0,1022,0,,,0,0,0,0,0,0,0
1023,LevelGiftBox16,LevelGiftBox16,RewardItem,8,0,2,0,70,0,0,0,0,0,0,0,0,0,0,0,1,,,,,,,0,,,0,0,0,0,1023,0,,,0,0,0,0,0,0,0
1024,LevelGiftBox17,LevelGiftBox17,RewardItem,8,0,2,0,72,0,0,0,0,0,0,0,0,0,0,0,1,,,,,,,0,,,0,0,0,0,1024,0,,,0,0,0,0,0,0,0
1027,ExpCoupon1,ExpCoupon1,RewardItem,9,0,2,0,0,0,0,0,0,0,0,0,0,0,0,0,1,,,,,,,0,,,0,0,0,0,1027,0,,,0,0,0,0,0,0,0
1028,ExpCoupon2,ExpCoupon2,RewardItem,9,0,2,0,0,0,0,0,0,0,0,0,0,0,0,0,1,,,,,,,0,,,0,0,0,0,1028,0,,,0,0,0,0,0,0,0
1029,ExpCoupon3,ExpCoupon3,RewardItem,9,0,2,0,0,0,0,0,0,0,0,0,0,0,0,0,1,,,,,,,0,,,0,0,0,0,1029,0,,,0,0,0,0,0,0,0
1030,PntCoupon1,PntCoupon1,RewardItem,9,0,2,0,0,0,0,0,0,0,0,0,0,0,0,0,1,,,,,,,0,,,0,0,0,0,1030,0,,,0,0,0,0,0,0,0
1031,PntCoupon2,PntCoupon2,RewardItem,9,0,2,0,0,0,0,0,0,0,0,0,0,0,0,0,1,,,,,,,0,,,0,0,0,0,1031,0,,,0,0,0,0,0,0,0
1032,PntCoupon3,PntCoupon3,RewardItem,9,0,2,0,0,0,0,0,0,0,0,0,0,0,0,0,1,,,,,,,0,,,0,0,0,0,1032,0,,,0,0,0,0,0,0,0
1033,NorPlanCoupon,NorPlanCoupon,RewardItem,9,0,2,0,0,0,0,0,0,0,0,0,0,0,0,0,1,,,,,,,0,,,0,0,0,0,1033,0,,,0,0,0,0,0,0,0
2004,SilverBell,SilverBell,RewardItem,9,0,2,0,0,0,0,0,0,0,0,0,0,0,0,0,1,,,,,,,0,,,0,0,0,0,2004,0,,,0,0,0,0,0,0,0
2006,GoldenBell,GoldenBell,RewardItem,9,0,2,0,0,0,0,0,0,0,0,0,0,0,0,0,1,,,,,,,0,,,0,0,0,0,2006,0,,,0,0,0,0,0,0,0
2008,TimeGiftBox,TimeGiftBox,PeriodicItem,8,0,1,0,0,0,0,0,0,0,0,0,0,0,0,0,1,,,,,,,1,,,0,0,0,0,0,0,,,0,0,0,0,0,0,0
2025,FrozenSummer1,FrozenSummer1,EventItem,9,0,5,0,0,0,0,0,0,0,0,0,0,0,0,0,1,,,,,,,1,,,0,0,0,0,2025,0,,,0,0,0,0,0,0,0
2026,FrozenSummer2,FrozenSummer2,EventItem,9,0,5,0,0,0,0,0,0,0,0,0,0,0,0,0,1,,,,,,,1,,,0,0,0,0,2026,0,,,0,0,0,0,0,0,0
2027,FrozenSummer3,FrozenSummer3,EventItem,9,0,5,0,0,0,0,0,0,0,0,0,0,0,0,0,1,,,,,,,1,,,0,0,0,0,2027,0,,,0,0,0,0,0,0,0
2028,FrozenSummer1,FrozenSummer1,EventItem,9,0,5,0,0,0,0,0,0,0,0,0,0,0,0,0,1,,,,,,,1,,,0,0,0,0,2028,0,,,0,0,0,0,0,0,0
2029,FrozenSummer2,FrozenSummer2,EventItem,9,0,5,0,0,0,0,0,0,0,0,0,0,0,0,0,1,,,,,,,1,,,0,0,0,0,2029,0,,,0,0,0,0,0,0,0
2030,FrozenSummer3,FrozenSummer3,EventItem,9,0,5,0,0,0,0,0,0,0,0,0,0,0,0,0,1,,,,,,,1,,,0,0,0,0,2030,0,,,0,0,0,0,0,0,0
2036,GrowItem1,GrowItem1,EventItem,9,0,2,0,0,0,0,0,0,0,0,0,0,0,0,0,1,,,,,,,1,,,0,0,0,0,2036,0,,,0,0,0,0,0,0,0
2037,GrowItem2,GrowItem2,EventItem,9,0,5,0,0,0,0,0,0,0,0,0,0,0,0,0,1,,,,,,,1,,,0,0,0,0,2037,0,,,0,0,0,0,0,0,0
2038,GrowItem3,GrowItem3,EventItem,9,0,5,0,0,0,0,0,0,0,0,0,0,0,0,0,1,,,,,,,1,,,0,0,0,0,2038,0,,,0,0,0,0,0,0,0
5001,FabPlanNorPT,FabPlanNorPT,FabPlanItem,8,0,0,0,0,0,0,0,0,0,0,0,0,0,0,0,3,,,,,,,0,,,0,0,0,0,0,0,,,0,0,0,0,0,0,0
5002,FabPlanNorSG,FabPlanNorSG,FabPlanItem,8,0,0,0,0,0,0,0,0,0,0,0,0,0,0,0,3,,,,,,,0,,,0,0,0,0,0,0,,,0,0,0,0,0,0,0
5003,FabPlanNorSM,FabPlanNorSM,FabPlanItem,8,0,0,0,0,0,0,0,0,0,0,0,0,0,0,0,3,,,,,,,0,,,0,0,0,0,0,0,,,0,0,0,0,0,0,0
5004,FabPlanNorAR,FabPlanNorAR,FabPlanItem,8,0,0,0,0,0,0,0,0,0,0,0,0,0,0,0,3,,,,,,,0,,,0,0,0,0,0,0,,,0,0,0,0,0,0,0
5005,FabPlanNorSR,FabPlanNorSR,FabPlanItem,8,0,0,0,0,0,0,0,0,0,0,0,0,0,0,0,3,,,,,,,0,,,0,0,0,0,0,0,,,0,0,0,0,0,0,0
5006,FabPlanNorMG,FabPlanNorMG,FabPlanItem,8,0,0,0,0,0,0,0,0,0,0,0,0,0,0,0,3,,,,,,,0,,,0,0,0,0,0,0,,,0,0,0,0,0,0,0
5007,FabPlanNorME,FabPlanNorME,FabPlanItem,8,0,0,0,0,0,0,0,0,0,0,0,0,0,0,0,3,,,,,,,0,,,0,0,0,0,0,0,,,0,0,0,0,0,0,0
5015,FabPlan1s,FabPlan1s,FabPlanItem,8,0,0,0,0,0,0,0,0,0,0,0,0,0,0,0,3,,,,,,,0,,,0,0,0,0,0,0,,,0,0,0,0,0,5301,0
5016,FabPlan1a,FabPlan1a,FabPlanItem,8,0,0,0,0,0,0,0,0,0,0,0,0,0,0,0,3,,,,,,,0,,,0,0,0,0,0,0,,,0,0,0,0,0,5301,0
5017,FabPlan1b,FabPlan1b,FabPlanItem,8,0,0,0,0,0,0,0,0,0,0,0,0,0,0,0,3,,,,,,,0,,,0,0,0,0,0,0,,,0,0,0,0,0,5301,0
5018,FabPlan1c,FabPlan1c,FabPlanItem,8,0,0,0,0,0,0,0,0,0,0,0,0,0,0,0,3,,,,,,,0,,,0,0,0,0,0,0,,,0,0,0,0,0,5301,0
5019,FabPlan1d,FabPlan1d,FabPlanItem,8,0,0,0,0,0,0,0,0,0,0,0,0,0,0,0,3,,,,,,,0,,,0,0,0,0,0,0,,,0,0,0,0,0,5301,0
5020,FabPlan1e,FabPlan1e,FabPlanItem,8,0,0,0,0,0,0,0,0,0,0,0,0,0,0,0,3,,,,,,,0,,,0,0,0,0,0,0,,,0,0,0,0,0,5301,0
5021,FabPlan2s,FabPlan2s,FabPlanItem,8,0,0,0,0,0,0,0,0,0,0,0,0,0,0,0,3,,,,,,,0,,,0,0,0,0,0,0,,,0,0,0,0,0,5301,0
5022,FabPlan2a,FabPlan2a,FabPlanItem,8,0,0,0,0,0,0,0,0,0,0,0,0,0,0,0,3,,,,,,,0,,,0,0,0,0,0,0,,,0,0,0,0,0,5301,0
5023,FabPlan2b,FabPlan2b,FabPlanItem,8,0,0,0,0,0,0,0,0,0,0,0,0,0,0,0,3,,,,,,,0,,,0,0,0,0,0,0,,,0,0,0,0,0,5301,0
5024,FabPlan2c,FabPlan2c,FabPlanItem,8,0,0,0,0,0,0,0,0,0,0,0,0,0,0,0,3,,,,,,,0,,,0,0,0,0,0,0,,,0,0,0,0,0,5301,0
5025,FabPlan2d,FabPlan2d,FabPlanItem,8,0,0,0,0,0,0,0,0,0,0,0,0,0,0,0,3,,,,,,,0,,,0,0,0,0,0,0,,,0,0,0,0,0,5301,0
5026,FabPlan2e,FabPlan2e,FabPlanItem,8,0,0,0,0,0,0,0,0,0,0,0,0,0,0,0,3,,,,,,,0,,,0,0,0,0,0,0,,,0,0,0,0,0,5301,0
5027,FabPlan3s,FabPlan3s,FabPlanItem,8,0,0,0,0,0,0,0,0,0,0,0,0,0,0,0,3,,,,,,,0,,,0,0,0,0,0,0,,,0,0,0,0,0,5301,0
5028,FabPlan3a,FabPlan3a,FabPlanItem,8,0,0,0,0,0,0,0,0,0,0,0,0,0,0,0,3,,,,,,,0,,,0,0,0,0,0,0,,,0,0,0,0,0,5301,0
5029,FabPlan3b,FabPlan3b,FabPlanItem,8,0,0,0,0,0,0,0,0,0,0,0,0,0,0,0,3,,,,,,,0,,,0,0,0,0,0,0,,,0,0,0,0,0,5301,0
5030,FabPlan3c,FabPlan3c,FabPlanItem,8,0,0,0,0,0,0,0,0,0,0,0,0,0,0,0,3,,,,,,,0,,,0,0,0,0,0,0,,,0,0,0,0,0,5301,0
5031,FabPlan3d,FabPlan3d,FabPlanItem,8,0,0,0,0,0,0,0,0,0,0,0,0,0,0,0,3,,,,,,,0,,,0,0,0,0,0,0,,,0,0,0,0,0,5301,0
5032,FabPlan3e,FabPlan3e,FabPlanItem,8,0,0,0,0,0,0,0,0,0,0,0,0,0,0,0,3,,,,,,,0,,,0,0,0,0,0,0,,,0,0,0,0,0,5301,0
5033,FabPlan4s,FabPlan4s,FabPlanItem,8,0,0,0,0,0,0,0,0,0,0,0,0,0,0,0,3,,,,,,,0,,,0,0,0,0,0,0,,,0,0,0,0,0,5301,0
5034,FabPlan4a,FabPlan4a,FabPlanItem,8,0,0,0,0,0,0,0,0,0,0,0,0,0,0,0,3,,,,,,,0,,,0,0,0,0,0,0,,,0,0,0,0,0,5301,0
5035,FabPlan4b,FabPlan4b,FabPlanItem,8,0,0,0,0,0,0,0,0,0,0,0,0,0,0,0,3,,,,,,,0,,,0,0,0,0,0,0,,,0,0,0,0,0,5301,0
5036,FabPlan4c,FabPlan4c,FabPlanItem,8,0,0,0,0,0,0,0,0,0,0,0,0,0,0,0,3,,,,,,,0,,,0,0,0,0,0,0,,,0,0,0,0,0,5301,0
5037,FabPlan4d,FabPlan4d,FabPlanItem,8,0,0,0,0,0,0,0,0,0,0,0,0,0,0,0,3,,,,,,,0,,,0,0,0,0,0,0,,,0,0,0,0,0,5301,0
5038,FabPlan4e,FabPlan4e,FabPlanItem,8,0,0,0,0,0,0,0,0,0,0,0,0,0,0,0,3,,,,,,,0,,,0,0,0,0,0,0,,,0,0,0,0,0,5301,0
5039,FabPlan5s,FabPlan5s,FabPlanItem,8,0,0,0,0,0,0,0,0,0,0,0,0,0,0,0,3,,,,,,,0,,,0,0,0,0,0,0,,,0,0,0,0,0,5301,0
5040,FabPlan5a,FabPlan5a,FabPlanItem,8,0,0,0,0,0,0,0,0,0,0,0,0,0,0,0,3,,,,,,,0,,,0,0,0,0,0,0,,,0,0,0,0,0,5301,0
5041,FabPlan5b,FabPlan5b,FabPlanItem,8,0,0,0,0,0,0,0,0,0,0,0,0,0,0,0,3,,,,,,,0,,,0,0,0,0,0,0,,,0,0,0,0,0,5301,0
5042,FabPlan5c,FabPlan5c,FabPlanItem,8,0,0,0,0,0,0,0,0,0,0,0,0,0,0,0,3,,,,,,,0,,,0,0,0,0,0,0,,,0,0,0,0,0,5301,0
5043,FabPlan5d,FabPlan5d,FabPlanItem,8,0,0,0,0,0,0,0,0,0,0,0,0,0,0,0,3,,,,,,,0,,,0,0,0,0,0,0,,,0,0,0,0,0,5301,0
5044,FabPlan5e,FabPlan5e,FabPlanItem,8,0,0,0,0,0,0,0,0,0,0,0,0,0,0,0,3,,,,,,,0,,,0,0,0,0,0,0,,,0,0,0,0,0,5301,0
5045,FabPlan6s,FabPlan6s,FabPlanItem,8,0,0,0,0,0,0,0,0,0,0,0,0,0,0,0,3,,,,,,,0,,,0,0,0,0,0,0,,,0,0,0,0,0,5301,0
5046,FabPlan6a,FabPlan6a,FabPlanItem,8,0,0,0,0,0,0,0,0,0,0,0,0,0,0,0,3,,,,,,,0,,,0,0,0,0,0,0,,,0,0,0,0,0,5301,0
5047,FabPlan6b,FabPlan6b,FabPlanItem,8,0,0,0,0,0,0,0,0,0,0,0,0,0,0,0,3,,,,,,,0,,,0,0,0,0,0,0,,,0,0,0,0,0,5301,0
5048,FabPlan6c,FabPlan6c,FabPlanItem,8,0,0,0,0,0,0,0,0,0,0,0,0,0,0,0,3,,,,,,,0,,,0,0,0,0,0,0,,,0,0,0,0,0,5301,0
5049,FabPlan6d,FabPlan6d,FabPlanItem,8,0,0,0,0,0,0,0,0,0,0,0,0,0,0,0,3,,,,,,,0,,,0,0,0,0,0,0,,,0,0,0,0,0,5301,0
5050,FabPlan6e,FabPlan6e,FabPlanItem,8,0,0,0,0,0,0,0,0,0,0,0,0,0,0,0,3,,,,,,,0,,,0,0,0,0,0,0,,,0,0,0,0,0,5301,0
5101,FabEnduMax1,FabEnduMax1,FabEnduranceItem,8,0,0,0,0,0,0,0,0,0,0,0,0,0,0,0,3,,,,,,,0,,,0,0,0,0,0,0,,,0,0,0,0,0,5301,0
5102,FabEnduMax3,FabEnduMax3,FabEnduranceItem,8,0,0,0,0,0,0,0,0,0,0,0,0,0,0,0,3,,,,,,,0,,,0,0,0,0,0,0,,,0,0,0,0,0,5301,0
5103,FabEnduMax10,FabEnduMax10,FabEnduranceItem,8,0,0,0,0,0,0,0,0,0,0,0,0,0,0,0,3,,,,,,,0,,,0,0,0,0,0,0,,,0,0,0,0,0,5301,0
5104,FabEnduMax30,FabEnduMax30,FabEnduranceItem,8,0,0,0,0,0,0,0,0,0,0,0,0,0,0,0,3,,,,,,,0,,,0,0,0,0,0,0,,,0,0,0,0,0,5301,0
5105,FabEnduMax90,FabEnduMax90,FabEnduranceItem,8,0,0,0,0,0,0,0,0,0,0,0,0,0,0,0,3,,,,,,,0,,,0,0,0,0,0,0,,,0,0,0,0,0,5301,0
5106,FabEnduMaxPer,FabEnduMaxPer,FabEnduranceItem,8,0,0,0,0,0,0,0,0,0,0,0,0,0,0,0,3,,,,,,,0,,,0,0,0,0,0,0,,,0,0,0,0,0,5301,0
5201,FabExtraLucky,FabExtraLucky,FabExtraItem,8,0,0,0,0,0,0,0,0,0,0,0,0,0,0,0,3,,,,,,,0,,,0,0,0,0,0,0,,,0,0,0,0,0,0,0
5202,FabExtraRecycle,FabExtraRecycle,FabExtraItem,8,0,0,0,0,0,0,0,0,0,0,0,0,0,0,0,3,,,,,,,0,,,0,0,0,0,0,0,,,0,0,0,0,0,0,0
5203,EnhNor,EnhNor,FabReinforceNorItem,8,0,0,0,0,0,0,0,0,0,0,0,0,0,0,0,3,,,,,,,0,,,0,0,0,0,0,0,,,10,9120,0,0,0,0,0
5204,EnhAdv,EnhAdv,FabReinforceAdvItem,8,0,0,0,0,0,0,0,0,0,0,0,0,0,0,0,3,,,,,,,0,,,0,0,0,0,0,0,,,5,9119,0,0,0,0,0
5205,EnhAnti,EnhAnti,FabReinforceResetItem,8,0,0,0,0,0,0,0,0,0,0,0,0,0,0,0,3,,,,,,,0,,,0,0,0,0,0,0,,,1,9118,0,0,0,0,0
5206,EnhAntiDamage,EnhAntiDamage,FabReinforceEnhAntiD,8,0,0,0,0,0,0,0,0,0,0,0,0,0,0,0,3,,,,,,,0,,,0,0,0,0,0,0,,,1,9118,0,0,0,0,0
5207,EnhAntiWeight,EnhAntiWeight,FabReinforceEnhAntiW,8,0,0,0,0,0,0,0,0,0,0,0,0,0,0,0,3,,,,,,,0,,,0,0,0,0,0,0,,,1,9118,0,0,0,0,0
5208,EnhAntiAccuracy,EnhAntiAccuracy,FabReinforceEnhAntiAC,8,0,0,0,0,0,0,0,0,0,0,0,0,0,0,0,3,,,,,,,0,,,0,0,0,0,0,0,,,1,9118,0,0,0,0,0
5209,EnhAntiFirerate,EnhAntiFirerate,FabReinforceEnhAntiF,8,0,0,0,0,0,0,0,0,0,0,0,0,0,0,0,3,,,,,,,0,,,0,0,0,0,0,0,,,1,9118,0,0,0,0,0
5210,EnhAntiKickBack,EnhAntiKickBack,FabReinforceEnhAntiK,8,0,0,0,0,0,0,0,0,0,0,0,0,0,0,0,3,,,,,,,0,,,0,0,0,0,0,0,,,1,9118,0,0,0,0,0
5211,EnhAntiAmmo,EnhAntiAmmo,FabReinforceEnhAntiAM,8,0,0,0,0,0,0,0,0,0,0,0,0,0,0,0,3,,,,,,,0,,,0,0,0,0,0,0,,,1,9118,0,0,0,0,0
5212,EnhPerPartDamage,EnhPerPartDamage,FabReinforcePerPartD,9,0,2,0,0,0,0,0,0,0,0,0,0,0,0,0,1,,,,,,,0,,,0,0,0,0,0,0,,,5,9118,0,0,0,0,0
5213,EnhPerPartWeight,EnhPerPartWeight,FabReinforcePerPartW,9,0,2,0,0,0,0,0,0,0,0,0,0,0,0,0,1,,,,,,,0,,,0,0,0,0,0,0,,,5,9118,0,0,0,0,0
5214,EnhPerPartAccuracy,EnhPerPartAccuracy,FabReinforcePerPartAC,9,0,2,0,0,0,0,0,0,0,0,0,0,0,0,0,1,,,,,,,0,,,0,0,0,0,0,0,,,5,9118,0,0,0,0,0
5215,EnhPerPartFirerate,EnhPerPartFirerate,FabReinforcePerPartF,9,0,2,0,0,0,0,0,0,0,0,0,0,0,0,0,1,,,,,,,0,,,0,0,0,0,0,0,,,5,9118,0,0,0,0,0
5216,EnhPerPartKickBack,EnhPerPartKickBack,FabReinforcePerPartK,9,0,2,0,0,0,0,0,0,0,0,0,0,0,0,0,1,,,,,,,0,,,0,0,0,0,0,0,,,5,9118,0,0,0,0,0
5217,EnhPerPartAmmo,EnhPerPartAmmo,FabReinforcePerPartAM,9,0,2,0,0,0,0,0,0,0,0,0,0,0,0,0,1,,,,,,,0,,,0,0,0,0,0,0,,,5,9118,0,0,0,0,0
5218,EnhPerDamage,EnhPerDamage,FabReinforceEnhPD,8,0,0,0,0,0,0,0,0,0,0,0,0,0,0,0,3,,,,,,,0,,,0,0,0,0,0,0,,,1,9118,0,0,0,0,0
5219,EnhPerWeight,EnhPerWeight,FabReinforceEnhPW,8,0,0,0,0,0,0,0,0,0,0,0,0,0,0,0,3,,,,,,,0,,,0,0,0,0,0,0,,,1,9118,0,0,0,0,0
5220,EnhPerAccuracy,EnhPerAccuracy,FabReinforceEnhPAC,8,0,0,0,0,0,0,0,0,0,0,0,0,0,0,0,3,,,,,,,0,,,0,0,0,0,0,0,,,1,9118,0,0,0,0,0
5221,EnhPerFirerate,EnhPerFirerate,FabReinforceEnhPF,8,0,0,0,0,0,0,0,0,0,0,0,0,0,0,0,3,,,,,,,0,,,0,0,0,0,0,0,,,1,9118,0,0,0,0,0
5222,EnhPerKickBack,EnhPerKickBack,FabReinforceEnhPK,8,0,0,0,0,0,0,0,0,0,0,0,0,0,0,0,3,,,,,,,0,,,0,0,0,0,0,0,,,1,9118,0,0,0,0,0
5223,EnhPerAmmo,EnhPerAmmo,FabReinforceEnhPAM,8,0,0,0,0,0,0,0,0,0,0,0,0,0,0,0,3,,,,,,,0,,,0,0,0,0,0,0,,,1,9118,0,0,0,0,0
5301,FabGift,FabGift,GiftItem,8,0,0,0,0,0,0,0,0,0,0,0,0,0,0,0,3,,,,,,,0,,,0,0,0,0,0,0,,,1,9118,0,0,0,0,0
670,zsh_machete,zsh_machete,Equipment,11,4024,1,0,0,0,0,0,0,0,0,0,0,0,0,0,1,,,,,,,1,,,0,0,0,0,0,1,,,0,0,0,0,0,0,0
671,zsh_crowbar,zsh_crowbar,Equipment,11,4025,1,0,0,0,0,0,0,0,0,0,0,0,0,0,1,,,,,,,1,,,0,0,0,0,0,1,,,0,0,0,0,0,0,0
672,zsh_clawhammer,zsh_clawhammer,Equipment,11,4026,1,0,0,0,0,0,0,0,0,0,0,0,0,0,1,,,,,,,1,,,0,0,0,0,0,1,,,0,0,0,0,0,0,0
427,skull3,skull3,Equipment,3,142,1,0,0,0,0,0,0,0,0,0,0,0,0,0,1,"27,31","82,73","89,76","91,95","83,52",,1,,,0,0,0,0,0,1,,,240,9116,9203,0,0,0,0
397,m134ex,m134ex,Equipment,5,125,1,0,0,0,0,0,0,0,0,0,0,0,0,0,1,33,58,96,100,49,,1,,,0,0,0,0,0,1,,,480,9121,9208,0,0,0,0
622,lowhelathup,lowhelathup,PeriodicItem,8,0,1,0,0,0,0,0,0,0,0,0,0,0,0,0,1,,,,,,,1,,,0,0,0,0,0,1,,,480,9121,9208,0,0,0,0
625,lowdamageup,lowdamageup,PeriodicItem,8,0,1,0,0,0,0,0,0,0,0,0,0,0,0,0,1,,,,,,,1,,,0,0,0,0,0,1,,,480,9121,9208,0,0,0,0
628,lowarmorup,lowarmorup,PeriodicItem,8,0,1,0,0,0,0,0,0,0,0,0,0,0,0,0,1,,,,,,,1,,,0,0,0,0,0,1,,,480,9121,9208,0,0,0,0
631,lowspeedup,lowspeedup,PeriodicItem,8,0,1,0,0,0,0,0,0,0,0,0,0,0,0,0,1,,,,,,,1,,,0,0,0,0,0,1,,,480,9121,9208,0,0,0,0
372,MG36,MG36,Equipment,5,115,1,0,0,0,0,0,0,0,0,0,0,0,0,0,1,29,83,81,91,74,,1,,,0,0,0,0,0,1,,,240,9117,9204,0,0,0,0
431,mk48,mk48,Equipment,5,147,1,0,0,0,0,0,0,0,0,0,0,0,0,0,1,33,85,79,87,74,,1,,,0,0,0,0,0,1,,,240,9117,9204,0,0,0,0
407,SKULL1,skull1,Equipment,1,130,1,0,0,0,0,0,0,0,0,0,0,0,0,0,1,"47, 30","72, 70","70, 82","84, 88","85, 85",,1,,,0,0,0,0,0,1,,,240,9116,9203,0,0,0,0
651,cosarmband01,cosarmband01,ArmCostume,12,0,1,0,0,2,3,15,15,15,15,3,15,15,15,15,8,,,,,,,1,,,0,0,0,0,0,1,,,0,0,0,0,0,0,0
652,cosarmband02,cosarmband02,ArmCostume,12,0,1,0,0,2,3,13,13,13,13,3,13,13,13,13,8,,,,,,,1,,,0,0,0,0,0,1,,,0,0,0,0,0,0,0
653,cosarmband03,cosarmband03,ArmCostume,12,0,1,0,0,2,3,11,11,11,11,3,11,11,11,11,8,,,,,,,1,,,0,0,0,0,0,1,,,0,0,0,0,0,0,0
654,cosarmband04,cosarmband04,ArmCostume,12,0,1,0,0,2,3,10,10,10,10,3,10,10,10,10,8,,,,,,,1,,,0,0,0,0,0,1,,,0,0,0,0,0,0,0
655,cosarmband05,cosarmband05,ArmCostume,12,0,1,0,0,2,3,9,9,9,9,3,9,9,9,9,8,,,,,,,1,,,0,0,0,0,0,1,,,0,0,0,0,0,0,0
656,cosarmband06,cosarmband06,ArmCostume,12,0,1,0,0,2,3,8,8,8,8,3,7,7,7,7,8,,,,,,,1,,,0,0,0,0,0,1,,,0,0,0,0,0,0,0
657,cosarmband07,cosarmband07,ArmCostume,12,0,1,0,0,2,3,7,7,7,7,3,7,7,7,7,8,,,,,,,1,,,0,0,0,0,0,1,,,0,0,0,0,0,0,0
658,cosarmband08,cosarmband08,ArmCostume,12,0,1,0,0,2,3,7,7,7,7,3,6,6,6,6,8,,,,,,,1,,,0,0,0,0,0,1,,,0,0,0,0,0,0,0
659,cosarmband09,cosarmband09,ArmCostume,12,0,1,0,0,2,3,6,6,6,6,3,6,6,6,6,8,,,,,,,1,,,0,0,0,0,0,1,,,0,0,0,0,0,0,0
660,cosarmband10,cosarmband10,ArmCostume,12,0,1,0,0,2,3,6,6,6,6,3,5,5,5,5,8,,,,,,,1,,,0,0,0,0,0,1,,,0,0,0,0,0,0,0
661,cosarmband11,cosarmband11,ArmCostume,12,0,1,0,0,2,3,5,5,5,5,3,5,5,5,5,8,,,,,,,1,,,0,0,0,0,0,1,,,0,0,0,0,0,0,0
662,cosarmband12,cosarmband12,ArmCostume,12,0,1,0,0,2,3,5,5,5,5,3,4,4,4,4,8,,,,,,,1,,,0,0,0,0,0,1,,,0,0,0,0,0,0,0
663,cosarmband13,cosarmband13,ArmCostume,12,0,1,0,0,2,3,4,4,4,4,3,4,4,4,4,8,,,,,,,1,,,0,0,0,0,0,1,,,0,0,0,0,0,0,0
664,cosarmband14,cosarmband14,ArmCostume,12,0,1,0,0,2,3,4,4,4,4,3,3,3,3,3,8,,,,,,,1,,,0,0,0,0,0,1,,,0,0,0,0,0,0,0
665,cosarmband15,cosarmband15,ArmCostume,12,0,1,0,0,2,3,3,3,3,3,3,3,3,3,3,8,,,,,,,1,,,0,0,0,0,0,1,,,0,0,0,0,0,0,0
666,cosarmband16,cosarmband16,ArmCostume,12,0,1,0,0,2,3,3,3,3,3,3,0,0,0,0,8,,,,,,,1,,,0,0,0,0,0,1,,,0,0,0,0,0,0,0
667,cosarmband17,cosarmband17,ArmCostume,12,0,1,0,0,2,3,0,0,0,0,3,0,0,0,0,8,,,,,,,1,,,0,0,0,0,0,1,,,0,0,0,0,0,0,0
